fra;jour;n_dose1;n_complet;n_rappel;n_2_rappel;n_rappel_biv;n_3_rappel;n_cum_dose1;n_cum_complet;n_cum_rappel;n_cum_2_rappel;n_cum_rappel_biv;n_cum_3_rappel;couv_dose1;couv_complet;couv_rappel;couv_2_rappel;couv_rappel_biv;couv_3_rappel
FR;2020-12-27;616;55;0;0;0;0;616;55;0;0;0;0;0.0;0.0;0.0;0.0;0.0;0.0
FR;2020-12-28;710;44;0;0;0;0;1326;99;0;0;0;0;0.0;0.0;0.0;0.0;0.0;0.0
FR;2020-12-29;390;19;0;0;0;0;1716;118;0;0;0;0;0.0;0.0;0.0;0.0;0.0;0.0
FR;2020-12-30;456;20;0;0;0;0;2172;138;0;0;0;0;0.0;0.0;0.0;0.0;0.0;0.0
FR;2020-12-31;451;21;0;0;0;0;2623;159;0;0;0;0;0.0;0.0;0.0;0.0;0.0;0.0
FR;2021-01-01;1199;66;0;0;0;0;3822;225;0;0;0;0;0.0;0.0;0.0;0.0;0.0;0.0
FR;2021-01-02;370;29;0;0;0;0;4192;254;0;0;0;0;0.0;0.0;0.0;0.0;0.0;0.0
FR;2021-01-03;419;23;0;0;0;0;4611;277;0;0;0;0;0.0;0.0;0.0;0.0;0.0;0.0
FR;2021-01-04;2152;51;0;0;0;0;6763;328;0;0;0;0;0.0;0.0;0.0;0.0;0.0;0.0
FR;2021-01-05;7794;128;0;0;0;0;14557;456;0;0;0;0;0.0;0.0;0.0;0.0;0.0;0.0
FR;2021-01-06;12491;128;0;0;0;0;27048;584;0;0;0;0;0.0;0.0;0.0;0.0;0.0;0.0
FR;2021-01-07;29481;160;0;0;0;0;56529;744;0;0;0;0;0.1;0.0;0.0;0.0;0.0;0.0
FR;2021-01-08;37170;205;0;0;0;0;93699;949;0;0;0;0;0.1;0.0;0.0;0.0;0.0;0.0
FR;2021-01-09;11221;77;0;0;0;0;104920;1026;0;0;0;0;0.2;0.0;0.0;0.0;0.0;0.0
FR;2021-01-10;6017;28;0;0;0;0;110937;1054;0;0;0;0;0.2;0.0;0.0;0.0;0.0;0.0
FR;2021-01-11;39956;232;0;0;0;0;150893;1286;0;0;0;0;0.2;0.0;0.0;0.0;0.0;0.0
FR;2021-01-12;62166;296;0;0;0;0;213059;1582;0;0;0;0;0.3;0.0;0.0;0.0;0.0;0.0
FR;2021-01-13;65150;432;0;0;0;0;278209;2014;0;0;0;0;0.4;0.0;0.0;0.0;0.0;0.0
FR;2021-01-14;83109;1166;0;0;0;0;361318;3180;0;0;0;0;0.5;0.0;0.0;0.0;0.0;0.0
FR;2021-01-15;69040;555;0;0;0;0;430358;3735;0;0;0;0;0.6;0.0;0.0;0.0;0.0;0.0
FR;2021-01-16;20219;183;0;0;0;0;450577;3918;0;0;0;0;0.7;0.0;0.0;0.0;0.0;0.0
FR;2021-01-17;10993;137;0;0;0;0;461570;4055;0;0;0;0;0.7;0.0;0.0;0.0;0.0;0.0
FR;2021-01-18;85924;614;0;0;0;0;547494;4669;0;0;0;0;0.8;0.0;0.0;0.0;0.0;0.0
FR;2021-01-19;130616;860;0;0;0;0;678110;5529;0;0;0;0;1.0;0.0;0.0;0.0;0.0;0.0
FR;2021-01-20;137578;836;0;0;0;0;815688;6365;0;0;0;0;1.2;0.0;0.0;0.0;0.0;0.0
FR;2021-01-21;158435;947;0;0;0;0;974123;7312;0;0;0;0;1.4;0.0;0.0;0.0;0.0;0.0
FR;2021-01-22;121091;846;0;0;0;0;1095214;8158;0;0;0;0;1.6;0.0;0.0;0.0;0.0;0.0
FR;2021-01-23;38494;223;0;0;0;0;1133708;8381;0;0;0;0;1.7;0.0;0.0;0.0;0.0;0.0
FR;2021-01-24;9752;196;0;0;0;0;1143460;8577;0;0;0;0;1.7;0.0;0.0;0.0;0.0;0.0
FR;2021-01-25;78257;1808;0;0;0;0;1221717;10385;0;0;0;0;1.8;0.0;0.0;0.0;0.0;0.0
FR;2021-01-26;100401;4189;0;0;0;0;1322118;14574;0;0;0;0;2.0;0.0;0.0;0.0;0.0;0.0
FR;2021-01-27;107266;7161;0;0;0;0;1429384;21735;0;0;0;0;2.1;0.0;0.0;0.0;0.0;0.0
FR;2021-01-28;124384;17250;0;0;0;0;1553768;38985;0;0;0;0;2.3;0.1;0.0;0.0;0.0;0.0
FR;2021-01-29;92211;19386;0;0;0;0;1645979;58371;0;0;0;0;2.4;0.1;0.0;0.0;0.0;0.0
FR;2021-01-30;29128;4678;0;0;0;0;1675107;63049;0;0;0;0;2.5;0.1;0.0;0.0;0.0;0.0
FR;2021-01-31;5241;1945;0;0;0;0;1680348;64994;0;0;0;0;2.5;0.1;0.0;0.0;0.0;0.0
FR;2021-02-01;53160;23361;0;0;0;0;1733508;88355;0;0;0;0;2.6;0.1;0.0;0.0;0.0;0.0
FR;2021-02-02;72339;38720;0;0;0;0;1805847;127075;0;0;0;0;2.7;0.2;0.0;0.0;0.0;0.0
FR;2021-02-03;72329;40827;0;0;0;0;1878176;167902;0;0;0;0;2.8;0.2;0.0;0.0;0.0;0.0
FR;2021-02-04;82100;55767;0;0;0;0;1960276;223669;0;0;0;0;2.9;0.3;0.0;0.0;0.0;0.0
FR;2021-02-05;68252;48700;0;0;0;0;2028528;272369;0;0;0;0;3.0;0.4;0.0;0.0;0.0;0.0
FR;2021-02-06;22948;11672;0;0;0;0;2051476;284041;0;0;0;0;3.0;0.4;0.0;0.0;0.0;0.0
FR;2021-02-07;5195;6214;0;0;0;0;2056671;290255;0;0;0;0;3.0;0.4;0.0;0.0;0.0;0.0
FR;2021-02-08;46857;49319;0;0;0;0;2103528;339574;0;0;0;0;3.1;0.5;0.0;0.0;0.0;0.0
FR;2021-02-09;66051;79611;0;0;0;0;2169579;419185;0;0;0;0;3.2;0.6;0.0;0.0;0.0;0.0
FR;2021-02-10;71049;84871;0;0;0;0;2240628;504056;0;0;0;0;3.3;0.7;0.0;0.0;0.0;0.0
FR;2021-02-11;87309;107736;0;0;0;0;2327937;611792;0;0;0;0;3.4;0.9;0.0;0.0;0.0;0.0
FR;2021-02-12;79358;77851;0;0;0;0;2407295;689643;0;0;0;0;3.6;1.0;0.0;0.0;0.0;0.0
FR;2021-02-13;22391;19898;0;0;0;0;2429686;709541;0;0;0;0;3.6;1.0;0.0;0.0;0.0;0.0
FR;2021-02-14;5080;7453;0;0;0;0;2434766;716994;0;0;0;0;3.6;1.1;0.0;0.0;0.0;0.0
FR;2021-02-15;38132;77825;0;0;0;0;2472898;794819;0;0;0;0;3.7;1.2;0.0;0.0;0.0;0.0
FR;2021-02-16;50420;101031;0;0;0;0;2523318;895850;0;0;0;0;3.7;1.3;0.0;0.0;0.0;0.0
FR;2021-02-17;50561;108405;0;0;0;0;2573879;1004255;0;0;0;0;3.8;1.5;0.0;0.0;0.0;0.0
FR;2021-02-18;69814;125848;0;0;0;0;2643693;1130103;0;0;0;0;3.9;1.7;0.0;0.0;0.0;0.0
FR;2021-02-19;65093;94228;0;0;0;0;2708786;1224331;0;0;0;0;4.0;1.8;0.0;0.0;0.0;0.0
FR;2021-02-20;18602;28914;0;0;0;0;2727388;1253245;0;0;0;0;4.0;1.9;0.0;0.0;0.0;0.0
FR;2021-02-21;3335;6143;0;0;0;0;2730723;1259388;0;0;0;0;4.0;1.9;0.0;0.0;0.0;0.0
FR;2021-02-22;37512;74173;0;0;0;0;2768235;1333561;0;0;0;0;4.1;2.0;0.0;0.0;0.0;0.0
FR;2021-02-23;53802;86852;0;0;0;0;2822037;1420413;0;0;0;0;4.2;2.1;0.0;0.0;0.0;0.0
FR;2021-02-24;60039;84541;0;0;0;0;2882076;1504954;0;0;0;0;4.3;2.2;0.0;0.0;0.0;0.0
FR;2021-02-25;100614;94197;0;0;0;0;2982690;1599151;0;0;0;0;4.4;2.4;0.0;0.0;0.0;0.0
FR;2021-02-26;113492;73903;0;0;0;0;3096182;1673054;0;0;0;0;4.6;2.5;0.0;0.0;0.0;0.0
FR;2021-02-27;52131;23686;0;0;0;0;3148313;1696740;0;0;0;0;4.7;2.5;0.0;0.0;0.0;0.0
FR;2021-02-28;6209;4302;0;0;0;0;3154522;1701042;0;0;0;0;4.7;2.5;0.0;0.0;0.0;0.0
FR;2021-03-01;65946;55949;0;0;0;0;3220468;1756991;0;0;0;0;4.8;2.6;0.0;0.0;0.0;0.0
FR;2021-03-02;101417;70229;0;0;0;0;3321885;1827220;0;0;0;0;4.9;2.7;0.0;0.0;0.0;0.0
FR;2021-03-03;116567;69179;0;0;0;0;3438452;1896399;0;0;0;0;5.1;2.8;0.0;0.0;0.0;0.0
FR;2021-03-04;163664;78223;0;0;0;0;3602116;1974622;0;0;0;0;5.3;2.9;0.0;0.0;0.0;0.0
FR;2021-03-05;200962;69436;0;0;0;0;3803078;2044058;0;0;0;0;5.6;3.0;0.0;0.0;0.0;0.0
FR;2021-03-06;207995;22781;0;0;0;0;4011073;2066839;0;0;0;0;5.9;3.1;0.0;0.0;0.0;0.0
FR;2021-03-07;121293;7258;0;0;0;0;4132366;2074097;0;0;0;0;6.1;3.1;0.0;0.0;0.0;0.0
FR;2021-03-08;107180;53032;0;0;0;0;4239546;2127129;0;0;0;0;6.3;3.1;0.0;0.0;0.0;0.0
FR;2021-03-09;172489;61527;0;0;0;0;4412035;2188656;0;0;0;0;6.5;3.2;0.0;0.0;0.0;0.0
FR;2021-03-10;179044;62737;0;0;0;0;4591079;2251393;0;0;0;0;6.8;3.3;0.0;0.0;0.0;0.0
FR;2021-03-11;242934;72141;0;0;0;0;4834013;2323534;0;0;0;0;7.1;3.4;0.0;0.0;0.0;0.0
FR;2021-03-12;294876;62818;0;0;0;0;5128889;2386352;0;0;0;0;7.6;3.5;0.0;0.0;0.0;0.0
FR;2021-03-13;231445;21242;0;0;0;0;5360334;2407594;0;0;0;0;7.9;3.6;0.0;0.0;0.0;0.0
FR;2021-03-14;63365;5068;0;0;0;0;5423699;2412662;0;0;0;0;8.0;3.6;0.0;0.0;0.0;0.0
FR;2021-03-15;158701;36140;0;0;0;0;5582400;2448802;0;0;0;0;8.2;3.6;0.0;0.0;0.0;0.0
FR;2021-03-16;141599;42967;0;0;0;0;5723999;2491769;0;0;0;0;8.5;3.7;0.0;0.0;0.0;0.0
FR;2021-03-17;150519;42350;0;0;0;0;5874518;2534119;0;0;0;0;8.7;3.7;0.0;0.0;0.0;0.0
FR;2021-03-18;167873;49888;0;0;0;0;6042391;2584007;0;0;0;0;8.9;3.8;0.0;0.0;0.0;0.0
FR;2021-03-19;230057;44106;0;0;0;0;6272448;2628113;0;0;0;0;9.3;3.9;0.0;0.0;0.0;0.0
FR;2021-03-20;166721;16009;0;0;0;0;6439169;2644122;0;0;0;0;9.5;3.9;0.0;0.0;0.0;0.0
FR;2021-03-21;49960;3887;0;0;0;0;6489129;2648009;0;0;0;0;9.6;3.9;0.0;0.0;0.0;0.0
FR;2021-03-22;170085;39038;0;0;0;0;6659214;2687047;0;0;0;0;9.8;4.0;0.0;0.0;0.0;0.0
FR;2021-03-23;250442;50210;0;0;0;0;6909656;2737257;0;0;0;0;10.2;4.0;0.0;0.0;0.0;0.0
FR;2021-03-24;256953;51699;0;0;0;0;7166609;2788956;0;0;0;0;10.6;4.1;0.0;0.0;0.0;0.0
FR;2021-03-25;341877;56293;0;0;0;0;7508486;2845249;0;0;0;0;11.1;4.2;0.0;0.0;0.0;0.0
FR;2021-03-26;358851;53547;0;0;0;0;7867337;2898796;0;0;0;0;11.6;4.3;0.0;0.0;0.0;0.0
FR;2021-03-27;195297;23398;0;0;0;0;8062634;2922194;0;0;0;0;11.9;4.3;0.0;0.0;0.0;0.0
FR;2021-03-28;59361;6652;0;0;0;0;8121995;2928846;0;0;0;0;12.0;4.3;0.0;0.0;0.0;0.0
FR;2021-03-29;203028;60154;0;0;0;0;8325023;2989000;0;0;0;0;12.3;4.4;0.0;0.0;0.0;0.0
FR;2021-03-30;285550;80456;0;0;0;0;8610573;3069456;0;0;0;0;12.7;4.5;0.0;0.0;0.0;0.0
FR;2021-03-31;263083;84734;0;0;0;0;8873656;3154190;0;0;0;0;13.1;4.7;0.0;0.0;0.0;0.0
FR;2021-04-01;315587;106413;0;0;0;0;9189243;3260603;0;0;0;0;13.6;4.8;0.0;0.0;0.0;0.0
FR;2021-04-02;281385;106651;0;0;0;0;9470628;3367254;0;0;0;0;14.0;5.0;0.0;0.0;0.0;0.0
FR;2021-04-03;141097;67884;0;0;0;0;9611725;3435138;0;0;0;0;14.2;5.1;0.0;0.0;0.0;0.0
FR;2021-04-04;46552;21077;0;0;0;0;9658277;3456215;0;0;0;0;14.3;5.1;0.0;0.0;0.0;0.0
FR;2021-04-05;63373;13059;0;0;0;0;9721650;3469274;0;0;0;0;14.4;5.1;0.0;0.0;0.0;0.0
FR;2021-04-06;217276;122028;0;0;0;0;9938926;3591302;0;0;0;0;14.7;5.3;0.0;0.0;0.0;0.0
FR;2021-04-07;260325;126648;0;0;0;0;10199251;3717950;0;0;0;0;15.1;5.5;0.0;0.0;0.0;0.0
FR;2021-04-08;337917;138865;0;0;0;0;10537168;3856815;0;0;0;0;15.6;5.7;0.0;0.0;0.0;0.0
FR;2021-04-09;410245;134295;0;0;0;0;10947413;3991110;0;0;0;0;16.2;5.9;0.0;0.0;0.0;0.0
FR;2021-04-10;212666;91272;0;0;0;0;11160079;4082382;0;0;0;0;16.5;6.0;0.0;0.0;0.0;0.0
FR;2021-04-11;56162;36705;0;0;0;0;11216241;4119087;0;0;0;0;16.6;6.1;0.0;0.0;0.0;0.0
FR;2021-04-12;237130;125444;0;0;0;0;11453371;4244531;0;0;0;0;16.9;6.3;0.0;0.0;0.0;0.0
FR;2021-04-13;309558;157113;0;0;0;0;11762929;4401644;0;0;0;0;17.4;6.5;0.0;0.0;0.0;0.0
FR;2021-04-14;294609;153247;0;0;0;0;12057538;4554891;0;0;0;0;17.8;6.7;0.0;0.0;0.0;0.0
FR;2021-04-15;337206;166100;0;0;0;0;12394744;4720991;0;0;0;0;18.3;7.0;0.0;0.0;0.0;0.0
FR;2021-04-16;339362;161701;0;0;0;0;12734106;4882692;0;0;0;0;18.8;7.2;0.0;0.0;0.0;0.0
FR;2021-04-17;188689;97683;0;0;0;0;12922795;4980375;0;0;0;0;19.1;7.4;0.0;0.0;0.0;0.0
FR;2021-04-18;51645;37881;0;0;0;0;12974440;5018256;0;0;0;0;19.2;7.4;0.0;0.0;0.0;0.0
FR;2021-04-19;205752;147464;0;0;0;0;13180192;5165720;0;0;0;0;19.5;7.6;0.0;0.0;0.0;0.0
FR;2021-04-20;254497;183713;0;0;0;0;13434689;5349433;0;0;0;0;19.9;7.9;0.0;0.0;0.0;0.0
FR;2021-04-21;253347;182271;0;0;0;0;13688036;5531704;0;0;0;0;20.2;8.2;0.0;0.0;0.0;0.0
FR;2021-04-22;287635;205065;0;0;0;0;13975671;5736769;0;0;0;0;20.7;8.5;0.0;0.0;0.0;0.0
FR;2021-04-23;297684;203508;0;0;0;0;14273355;5940277;0;0;0;0;21.1;8.8;0.0;0.0;0.0;0.0
FR;2021-04-24;190483;122514;0;0;0;0;14463838;6062791;0;0;0;0;21.4;9.0;0.0;0.0;0.0;0.0
FR;2021-04-25;69580;42590;0;0;0;0;14533418;6105381;0;0;0;0;21.5;9.0;0.0;0.0;0.0;0.0
FR;2021-04-26;221007;171909;0;0;0;0;14754425;6277290;0;0;0;0;21.8;9.3;0.0;0.0;0.0;0.0
FR;2021-04-27;284658;211387;0;0;0;0;15039083;6488677;0;0;0;0;22.2;9.6;0.0;0.0;0.0;0.0
FR;2021-04-28;299598;209816;1;0;0;0;15338681;6698493;1;0;0;0;22.7;9.9;0.0;0.0;0.0;0.0
FR;2021-04-29;357220;233421;0;0;0;0;15695901;6931914;1;0;0;0;23.2;10.2;0.0;0.0;0.0;0.0
FR;2021-04-30;372271;225495;0;0;0;0;16068172;7157409;1;0;0;0;23.7;10.6;0.0;0.0;0.0;0.0
FR;2021-05-01;167680;63784;0;0;0;0;16235852;7221193;1;0;0;0;24.0;10.7;0.0;0.0;0.0;0.0
FR;2021-05-02;91771;43598;0;0;0;0;16327623;7264791;1;0;0;0;24.1;10.7;0.0;0.0;0.0;0.0
FR;2021-05-03;288988;185618;0;0;0;0;16616611;7450409;1;0;0;0;24.6;11.0;0.0;0.0;0.0;0.0
FR;2021-05-04;315761;251818;0;0;0;0;16932372;7702227;1;0;0;0;25.0;11.4;0.0;0.0;0.0;0.0
FR;2021-05-05;327323;251771;0;0;0;0;17259695;7953998;1;0;0;0;25.5;11.8;0.0;0.0;0.0;0.0
FR;2021-05-06;379658;275547;0;0;0;0;17639353;8229545;1;0;0;0;26.1;12.2;0.0;0.0;0.0;0.0
FR;2021-05-07;372838;299980;0;0;0;0;18012191;8529525;1;0;0;0;26.6;12.6;0.0;0.0;0.0;0.0
FR;2021-05-08;222192;86740;0;0;0;0;18234383;8616265;1;0;0;0;26.9;12.7;0.0;0.0;0.0;0.0
FR;2021-05-09;129735;53123;0;0;0;0;18364118;8669388;1;0;0;0;27.1;12.8;0.0;0.0;0.0;0.0
FR;2021-05-10;313436;255522;0;0;0;0;18677554;8924910;1;0;0;0;27.6;13.2;0.0;0.0;0.0;0.0
FR;2021-05-11;403988;296884;0;0;0;0;19081542;9221794;1;0;0;0;28.2;13.6;0.0;0.0;0.0;0.0
FR;2021-05-12;434234;270184;0;0;0;0;19515776;9491978;1;0;0;0;28.8;14.0;0.0;0.0;0.0;0.0
FR;2021-05-13;338644;77926;0;0;0;0;19854420;9569904;1;0;0;0;29.3;14.1;0.0;0.0;0.0;0.0
FR;2021-05-14;454194;203114;0;0;0;0;20308614;9773018;1;0;0;0;30.0;14.4;0.0;0.0;0.0;0.0
FR;2021-05-15;375023;120802;0;0;0;0;20683637;9893820;1;0;0;0;30.6;14.6;0.0;0.0;0.0;0.0
FR;2021-05-16;202779;34096;0;0;0;0;20886416;9927916;1;0;0;0;30.9;14.7;0.0;0.0;0.0;0.0
FR;2021-05-17;376171;178671;0;0;0;0;21262587;10106587;1;0;0;0;31.4;14.9;0.0;0.0;0.0;0.0
FR;2021-05-18;460233;193311;0;0;0;0;21722820;10299898;1;0;0;0;32.1;15.2;0.0;0.0;0.0;0.0
FR;2021-05-19;467483;179842;0;0;0;0;22190303;10479740;1;0;0;0;32.8;15.5;0.0;0.0;0.0;0.0
FR;2021-05-20;507610;204204;0;0;0;0;22697913;10683944;1;0;0;0;33.5;15.8;0.0;0.0;0.0;0.0
FR;2021-05-21;489737;221811;0;0;0;0;23187650;10905755;1;0;0;0;34.3;16.1;0.0;0.0;0.0;0.0
FR;2021-05-22;347231;108682;0;0;0;0;23534881;11014437;1;0;0;0;34.8;16.3;0.0;0.0;0.0;0.0
FR;2021-05-23;161720;26680;0;0;0;0;23696601;11041117;1;0;0;0;35.0;16.3;0.0;0.0;0.0;0.0
FR;2021-05-24;263223;52945;0;0;0;0;23959824;11094062;1;0;0;0;35.4;16.4;0.0;0.0;0.0;0.0
FR;2021-05-25;400322;227030;0;0;0;0;24360146;11321092;1;0;0;0;36.0;16.7;0.0;0.0;0.0;0.0
FR;2021-05-26;413524;229357;0;0;0;0;24773670;11550449;1;0;0;0;36.6;17.1;0.0;0.0;0.0;0.0
FR;2021-05-27;449888;267258;0;0;0;0;25223558;11817707;1;0;0;0;37.3;17.5;0.0;0.0;0.0;0.0
FR;2021-05-28;429618;319254;0;0;0;0;25653176;12136961;1;0;0;0;37.9;17.9;0.0;0.0;0.0;0.0
FR;2021-05-29;299010;183390;0;0;0;0;25952186;12320351;1;0;0;0;38.3;18.2;0.0;0.0;0.0;0.0
FR;2021-05-30;107156;42087;0;0;0;0;26059342;12362438;1;0;0;0;38.5;18.3;0.0;0.0;0.0;0.0
FR;2021-05-31;358084;241779;1;0;0;0;26417426;12604217;2;0;0;0;39.0;18.6;0.0;0.0;0.0;0.0
FR;2021-06-01;431169;302938;1;0;0;0;26848595;12907155;3;0;0;0;39.7;19.1;0.0;0.0;0.0;0.0
FR;2021-06-02;420196;280195;0;0;0;0;27268791;13187350;3;0;0;0;40.3;19.5;0.0;0.0;0.0;0.0
FR;2021-06-03;465724;312546;0;0;0;0;27734515;13499896;3;0;0;0;41.0;19.9;0.0;0.0;0.0;0.0
FR;2021-06-04;456313;363322;1;0;0;0;28190828;13863218;4;0;0;0;41.7;20.5;0.0;0.0;0.0;0.0
FR;2021-06-05;304842;222796;0;0;0;0;28495670;14086014;4;0;0;0;42.1;20.8;0.0;0.0;0.0;0.0
FR;2021-06-06;133344;61159;0;0;0;0;28629014;14147173;4;0;0;0;42.3;20.9;0.0;0.0;0.0;0.0
FR;2021-06-07;340029;298606;0;0;0;0;28969043;14445779;4;0;0;0;42.8;21.3;0.0;0.0;0.0;0.0
FR;2021-06-08;393974;338283;0;0;0;0;29363017;14784062;4;0;0;0;43.4;21.8;0.0;0.0;0.0;0.0
FR;2021-06-09;384977;318165;0;0;0;0;29747994;15102227;4;0;0;0;44.0;22.3;0.0;0.0;0.0;0.0
FR;2021-06-10;404264;335721;0;0;0;0;30152258;15437948;4;0;0;0;44.6;22.8;0.0;0.0;0.0;0.0
FR;2021-06-11;386737;406981;0;0;0;0;30538995;15844929;4;0;0;0;45.1;23.4;0.0;0.0;0.0;0.0
FR;2021-06-12;283301;243140;0;0;0;0;30822296;16088069;4;0;0;0;45.5;23.8;0.0;0.0;0.0;0.0
FR;2021-06-13;104907;84835;0;0;0;0;30927203;16172904;4;0;0;0;45.7;23.9;0.0;0.0;0.0;0.0
FR;2021-06-14;240894;383225;0;0;0;0;31168097;16556129;4;0;0;0;46.1;24.5;0.0;0.0;0.0;0.0
FR;2021-06-15;308241;423111;0;0;0;0;31476338;16979240;4;0;0;0;46.5;25.1;0.0;0.0;0.0;0.0
FR;2021-06-16;314028;395376;0;0;0;0;31790366;17374616;4;0;0;0;47.0;25.7;0.0;0.0;0.0;0.0
FR;2021-06-17;317745;414367;0;0;0;0;32108111;17788983;4;0;0;0;47.4;26.3;0.0;0.0;0.0;0.0
FR;2021-06-18;321786;486000;0;0;0;0;32429897;18274983;4;0;0;0;47.9;27.0;0.0;0.0;0.0;0.0
FR;2021-06-19;224368;301219;0;0;0;0;32654265;18576202;4;0;0;0;48.3;27.4;0.0;0.0;0.0;0.0
FR;2021-06-20;74459;111479;0;0;0;0;32728724;18687681;4;0;0;0;48.4;27.6;0.0;0.0;0.0;0.0
FR;2021-06-21;195821;427726;1;0;0;0;32924545;19115407;5;0;0;0;48.6;28.2;0.0;0.0;0.0;0.0
FR;2021-06-22;223250;500506;1;0;0;0;33147795;19615913;6;0;0;0;49.0;29.0;0.0;0.0;0.0;0.0
FR;2021-06-23;234087;474268;1;0;0;0;33381882;20090181;7;0;0;0;49.3;29.7;0.0;0.0;0.0;0.0
FR;2021-06-24;241909;447277;0;0;0;0;33623791;20537458;7;0;0;0;49.7;30.3;0.0;0.0;0.0;0.0
FR;2021-06-25;227678;562088;0;0;0;0;33851469;21099546;7;0;0;0;50.0;31.2;0.0;0.0;0.0;0.0
FR;2021-06-26;153296;395907;0;0;0;0;34004765;21495453;7;0;0;0;50.2;31.8;0.0;0.0;0.0;0.0
FR;2021-06-27;55925;164851;0;0;0;0;34060690;21660304;7;0;0;0;50.3;32.0;0.0;0.0;0.0;0.0
FR;2021-06-28;154813;478128;0;0;0;0;34215503;22138432;7;0;0;0;50.6;32.7;0.0;0.0;0.0;0.0
FR;2021-06-29;182754;539234;0;0;0;0;34398257;22677666;7;0;0;0;50.8;33.5;0.0;0.0;0.0;0.0
FR;2021-06-30;204047;519529;1;0;0;0;34602304;23197195;8;0;0;0;51.1;34.3;0.0;0.0;0.0;0.0
FR;2021-07-01;231467;498518;0;0;0;0;34833771;23695713;8;0;0;0;51.5;35.0;0.0;0.0;0.0;0.0
FR;2021-07-02;228706;562334;2;0;0;0;35062477;24258047;10;0;0;0;51.8;35.8;0.0;0.0;0.0;0.0
FR;2021-07-03;142060;395245;1;0;0;0;35204537;24653292;11;0;0;0;52.0;36.4;0.0;0.0;0.0;0.0
FR;2021-07-04;56765;150696;0;0;0;0;35261302;24803988;11;0;0;0;52.1;36.7;0.0;0.0;0.0;0.0
FR;2021-07-05;168555;448583;0;0;0;0;35429857;25252571;11;0;0;0;52.4;37.3;0.0;0.0;0.0;0.0
FR;2021-07-06;196812;511119;8;0;0;0;35626669;25763690;19;0;0;0;52.6;38.1;0.0;0.0;0.0;0.0
FR;2021-07-07;213258;477426;2;0;0;0;35839927;26241116;21;0;0;0;53.0;38.8;0.0;0.0;0.0;0.0
FR;2021-07-08;231680;468068;2;0;0;0;36071607;26709184;23;0;0;0;53.3;39.5;0.0;0.0;0.0;0.0
FR;2021-07-09;228644;557353;1;0;0;0;36300251;27266537;24;0;0;0;53.6;40.3;0.0;0.0;0.0;0.0
FR;2021-07-10;148640;368867;0;0;0;0;36448891;27635404;24;0;0;0;53.9;40.8;0.0;0.0;0.0;0.0
FR;2021-07-11;60217;120957;0;0;0;0;36509108;27756361;24;0;0;0;53.9;41.0;0.0;0.0;0.0;0.0
FR;2021-07-12;169444;512423;0;0;0;0;36678552;28268784;24;0;0;0;54.2;41.8;0.0;0.0;0.0;0.0
FR;2021-07-13;287312;585623;0;0;0;0;36965864;28854407;24;0;0;0;54.6;42.6;0.0;0.0;0.0;0.0
FR;2021-07-14;181123;186637;0;0;0;0;37146987;29041044;24;0;0;0;54.9;42.9;0.0;0.0;0.0;0.0
FR;2021-07-15;347131;571553;0;0;0;0;37494118;29612597;24;0;0;0;55.4;43.8;0.0;0.0;0.0;0.0
FR;2021-07-16;380125;574119;1;0;0;0;37874243;30186716;25;0;0;0;56.0;44.6;0.0;0.0;0.0;0.0
FR;2021-07-17;259757;368585;0;0;0;0;38134000;30555301;25;0;0;0;56.3;45.1;0.0;0.0;0.0;0.0
FR;2021-07-18;109747;132999;0;0;0;0;38243747;30688300;25;0;0;0;56.5;45.3;0.0;0.0;0.0;0.0
FR;2021-07-19;285528;478874;0;0;0;0;38529275;31167174;25;0;0;0;56.9;46.1;0.0;0.0;0.0;0.0
FR;2021-07-20;376946;523530;0;0;0;0;38906221;31690704;25;0;0;0;57.5;46.8;0.0;0.0;0.0;0.0
FR;2021-07-21;395847;481800;1;0;0;0;39302068;32172504;26;0;0;0;58.1;47.5;0.0;0.0;0.0;0.0
FR;2021-07-22;441094;471766;1;0;0;0;39743162;32644270;27;0;0;0;58.7;48.2;0.0;0.0;0.0;0.0
FR;2021-07-23;440353;509907;1;0;0;0;40183515;33154177;28;0;0;0;59.4;49.0;0.0;0.0;0.0;0.0
FR;2021-07-24;285264;321989;0;0;0;0;40468779;33476166;28;0;0;0;59.8;49.5;0.0;0.0;0.0;0.0
FR;2021-07-25;121130;100272;0;0;0;0;40589909;33576438;28;0;0;0;60.0;49.6;0.0;0.0;0.0;0.0
FR;2021-07-26;347455;384677;1;0;0;0;40937364;33961115;29;0;0;0;60.5;50.2;0.0;0.0;0.0;0.0
FR;2021-07-27;464124;400403;1;0;0;0;41401488;34361518;30;0;0;0;61.2;50.8;0.0;0.0;0.0;0.0
FR;2021-07-28;459485;366978;1;0;0;0;41860973;34728496;31;0;0;0;61.9;51.3;0.0;0.0;0.0;0.0
FR;2021-07-29;489869;356963;0;0;0;0;42350842;35085459;31;0;0;0;62.6;51.8;0.0;0.0;0.0;0.0
FR;2021-07-30;461863;380803;1;0;0;0;42812705;35466262;32;0;0;0;63.3;52.4;0.0;0.0;0.0;0.0
FR;2021-07-31;285426;231505;0;0;0;0;43098131;35697767;32;0;0;0;63.7;52.7;0.0;0.0;0.0;0.0
FR;2021-08-01;112056;65685;0;0;0;0;43210187;35763452;32;0;0;0;63.8;52.8;0.0;0.0;0.0;0.0
FR;2021-08-02;341681;284711;0;0;0;0;43551868;36048163;32;0;0;0;64.4;53.3;0.0;0.0;0.0;0.0
FR;2021-08-03;398648;304491;1;0;0;0;43950516;36352654;33;0;0;0;64.9;53.7;0.0;0.0;0.0;0.0
FR;2021-08-04;384887;265628;3;0;0;0;44335403;36618282;36;0;0;0;65.5;54.1;0.0;0.0;0.0;0.0
FR;2021-08-05;366208;281715;0;0;0;0;44701611;36899997;36;0;0;0;66.1;54.5;0.0;0.0;0.0;0.0
FR;2021-08-06;359762;326583;0;0;0;0;45061373;37226580;36;0;0;0;66.6;55.0;0.0;0.0;0.0;0.0
FR;2021-08-07;213153;210039;1;0;0;0;45274526;37436619;37;0;0;0;66.9;55.3;0.0;0.0;0.0;0.0
FR;2021-08-08;74213;73621;0;0;0;0;45348739;37510240;37;0;0;0;67.0;55.4;0.0;0.0;0.0;0.0
FR;2021-08-09;258780;297472;2;0;0;0;45607519;37807712;39;0;0;0;67.4;55.9;0.0;0.0;0.0;0.0
FR;2021-08-10;306900;323418;0;0;0;0;45914419;38131130;39;0;0;0;67.8;56.3;0.0;0.0;0.0;0.0
FR;2021-08-11;279770;301601;0;0;0;0;46194189;38432731;39;0;0;0;68.3;56.8;0.0;0.0;0.0;0.0
FR;2021-08-12;271575;320250;0;0;0;0;46465764;38752981;39;0;0;0;68.7;57.3;0.0;0.0;0.0;0.0
FR;2021-08-13;252181;316947;2;0;0;0;46717945;39069928;41;0;0;0;69.0;57.7;0.0;0.0;0.0;0.0
FR;2021-08-14;145366;218979;0;0;0;0;46863311;39288907;41;0;0;0;69.2;58.1;0.0;0.0;0.0;0.0
FR;2021-08-15;39403;55668;0;0;0;0;46902714;39344575;41;0;0;0;69.3;58.1;0.0;0.0;0.0;0.0
FR;2021-08-16;186198;345378;0;0;0;0;47088912;39689953;41;0;0;0;69.6;58.6;0.0;0.0;0.0;0.0
FR;2021-08-17;215721;368821;0;0;0;0;47304633;40058774;41;0;0;0;69.9;59.2;0.0;0.0;0.0;0.0
FR;2021-08-18;199083;354528;3;0;0;0;47503716;40413302;44;0;0;0;70.2;59.7;0.0;0.0;0.0;0.0
FR;2021-08-19;192053;355946;0;0;0;0;47695769;40769248;44;0;0;0;70.5;60.2;0.0;0.0;0.0;0.0
FR;2021-08-20;186495;396598;2;0;0;0;47882264;41165846;46;0;0;0;70.8;60.8;0.0;0.0;0.0;0.0
FR;2021-08-21;104816;254561;0;0;0;0;47987080;41420407;46;0;0;0;70.9;61.2;0.0;0.0;0.0;0.0
FR;2021-08-22;31950;92162;1;0;0;0;48019030;41512569;47;0;0;0;71.0;61.3;0.0;0.0;0.0;0.0
FR;2021-08-23;141003;379588;0;0;0;0;48160033;41892157;47;0;0;0;71.2;61.9;0.0;0.0;0.0;0.0
FR;2021-08-24;162524;402814;0;0;0;0;48322557;42294971;47;0;0;0;71.4;62.5;0.0;0.0;0.0;0.0
FR;2021-08-25;151165;375393;2;0;0;0;48473722;42670364;49;0;0;0;71.6;63.1;0.0;0.0;0.0;0.0
FR;2021-08-26;142899;367561;0;0;0;0;48616621;43037925;49;0;0;0;71.8;63.6;0.0;0.0;0.0;0.0
FR;2021-08-27;148458;414864;1;0;0;0;48765079;43452789;50;0;0;0;72.1;64.2;0.0;0.0;0.0;0.0
FR;2021-08-28;90682;264964;0;0;0;0;48855761;43717753;50;0;0;0;72.2;64.6;0.0;0.0;0.0;0.0
FR;2021-08-29;27325;88273;0;0;0;0;48883086;43806026;50;0;0;0;72.2;64.7;0.0;0.0;0.0;0.0
FR;2021-08-30;117432;342387;5830;0;0;0;49000518;44148413;5880;0;0;0;72.4;65.2;0.0;0.0;0.0;0.0
FR;2021-08-31;128835;353926;11764;2;0;0;49129353;44502339;17644;2;0;0;72.6;65.8;0.0;0.0;0.0;0.0
FR;2021-09-01;136169;302401;24412;1;0;0;49265522;44804740;42056;3;0;0;72.8;66.2;0.1;0.0;0.0;0.0
FR;2021-09-02;114655;262098;29009;0;0;0;49380177;45066838;71065;3;0;0;73.0;66.6;0.1;0.0;0.0;0.0
FR;2021-09-03;118331;309304;33076;1;0;0;49498508;45376142;104141;4;0;0;73.1;67.0;0.2;0.0;0.0;0.0
FR;2021-09-04;89894;230487;14157;7;0;0;49588402;45606629;118298;11;0;0;73.3;67.4;0.2;0.0;0.0;0.0
FR;2021-09-05;21367;48279;4714;0;0;0;49609769;45654908;123012;11;0;0;73.3;67.5;0.2;0.0;0.0;0.0
FR;2021-09-06;75702;190660;34305;2;0;0;49685471;45845568;157317;13;0;0;73.4;67.7;0.2;0.0;0.0;0.0
FR;2021-09-07;80317;191036;36321;2;0;0;49765788;46036604;193638;15;0;0;73.5;68.0;0.3;0.0;0.0;0.0
FR;2021-09-08;91014;216567;32572;4;0;0;49856802;46253171;226210;19;0;0;73.7;68.3;0.3;0.0;0.0;0.0
FR;2021-09-09;76986;174119;36699;5;0;0;49933788;46427290;262909;24;0;0;73.8;68.6;0.4;0.0;0.0;0.0
FR;2021-09-10;96051;214897;40790;7;0;0;50029839;46642187;303699;31;0;0;73.9;68.9;0.4;0.0;0.0;0.0
FR;2021-09-11;67169;178184;14414;0;0;0;50097008;46820371;318113;31;0;0;74.0;69.2;0.5;0.0;0.0;0.0
FR;2021-09-12;12830;34139;3190;2;0;0;50109838;46854510;321303;33;0;0;74.0;69.2;0.5;0.0;0.0;0.0
FR;2021-09-13;64581;134168;44267;17;0;0;50174419;46988678;365570;50;0;0;74.1;69.4;0.5;0.0;0.0;0.0
FR;2021-09-14;73504;135745;62458;39;0;0;50247923;47124423;428028;89;0;0;74.2;69.6;0.6;0.0;0.0;0.0
FR;2021-09-15;76668;174677;54852;76;0;0;50324591;47299100;482880;165;0;0;74.4;69.9;0.7;0.0;0.0;0.0
FR;2021-09-16;63898;117880;60179;59;0;0;50388489;47416980;543059;224;0;0;74.5;70.1;0.8;0.0;0.0;0.0
FR;2021-09-17;75093;159726;57366;67;0;0;50463582;47576706;600425;291;0;0;74.6;70.3;0.9;0.0;0.0;0.0
FR;2021-09-18;48244;144317;17321;20;0;0;50511826;47721023;617746;311;0;0;74.6;70.5;0.9;0.0;0.0;0.0
FR;2021-09-19;7908;24875;2619;1;0;0;50519734;47745898;620365;312;0;0;74.6;70.6;0.9;0.0;0.0;0.0
FR;2021-09-20;44580;96241;50346;34;0;0;50564314;47842139;670711;346;0;0;74.7;70.7;1.0;0.0;0.0;0.0
FR;2021-09-21;45918;98384;63506;79;0;0;50610232;47940523;734217;425;0;0;74.8;70.8;1.1;0.0;0.0;0.0
FR;2021-09-22;48711;144842;55496;46;0;0;50658943;48085365;789713;471;0;0;74.9;71.1;1.2;0.0;0.0;0.0
FR;2021-09-23;43298;91269;63589;86;0;0;50702241;48176634;853302;557;0;0;74.9;71.2;1.3;0.0;0.0;0.0
FR;2021-09-24;52324;132387;59234;77;0;0;50754565;48309021;912536;634;0;0;75.0;71.4;1.3;0.0;0.0;0.0
FR;2021-09-25;35225;118647;18319;22;0;0;50789790;48427668;930855;656;0;0;75.0;71.6;1.4;0.0;0.0;0.0
FR;2021-09-26;5561;18691;2331;5;0;0;50795351;48446359;933186;661;0;0;75.1;71.6;1.4;0.0;0.0;0.0
FR;2021-09-27;33988;78781;48206;80;0;1;50829339;48525140;981392;741;0;1;75.1;71.7;1.5;0.0;0.0;0.0
FR;2021-09-28;36524;74326;56604;44;0;0;50865863;48599466;1037996;785;0;1;75.2;71.8;1.5;0.0;0.0;0.0
FR;2021-09-29;44426;102843;54911;41;0;0;50910289;48702309;1092907;826;0;1;75.2;72.0;1.6;0.0;0.0;0.0
FR;2021-09-30;36349;71482;59614;57;0;0;50946638;48773791;1152521;883;0;1;75.3;72.1;1.7;0.0;0.0;0.0
FR;2021-10-01;61720;101413;64020;23;0;0;51008358;48875204;1216541;906;0;1;75.4;72.2;1.8;0.0;0.0;0.0
FR;2021-10-02;39473;81737;23386;12;0;0;51047831;48956941;1239927;918;0;1;75.4;72.3;1.8;0.0;0.0;0.0
FR;2021-10-03;5290;11255;2542;4;0;0;51053121;48968196;1242469;922;0;1;75.4;72.4;1.8;0.0;0.0;0.0
FR;2021-10-04;35208;59500;54860;37;0;0;51088329;49027696;1297329;959;0;1;75.5;72.4;1.9;0.0;0.0;0.0
FR;2021-10-05;33937;62111;65122;47;0;0;51122266;49089807;1362451;1006;0;1;75.5;72.5;2.0;0.0;0.0;0.0
FR;2021-10-06;42728;80184;68386;28;0;0;51164994;49169991;1430837;1034;0;1;75.6;72.7;2.1;0.0;0.0;0.0
FR;2021-10-07;30577;59498;68900;37;0;0;51195571;49229489;1499737;1071;0;1;75.6;72.7;2.2;0.0;0.0;0.0
FR;2021-10-08;49486;89884;84806;39;0;0;51245057;49319373;1584543;1110;0;1;75.7;72.9;2.3;0.0;0.0;0.0
FR;2021-10-09;33677;64141;33933;17;0;0;51278734;49383514;1618476;1127;0;1;75.8;73.0;2.4;0.0;0.0;0.0
FR;2021-10-10;4722;7940;3475;2;0;0;51283456;49391454;1621951;1129;0;1;75.8;73.0;2.4;0.0;0.0;0.0
FR;2021-10-11;30736;50603;64120;46;0;0;51314192;49442057;1686071;1175;0;1;75.8;73.1;2.5;0.0;0.0;0.0
FR;2021-10-12;31651;51309;76051;27;0;0;51345843;49493366;1762122;1202;0;1;75.9;73.1;2.6;0.0;0.0;0.0
FR;2021-10-13;40168;62797;79398;29;0;1;51386011;49556163;1841520;1231;0;2;75.9;73.2;2.7;0.0;0.0;0.0
FR;2021-10-14;30364;49694;73871;31;0;0;51416375;49605857;1915391;1262;0;2;76.0;73.3;2.8;0.0;0.0;0.0
FR;2021-10-15;44961;70334;103057;26;0;0;51461336;49676191;2018448;1288;0;2;76.0;73.4;3.0;0.0;0.0;0.0
FR;2021-10-16;31335;46700;39650;15;0;0;51492671;49722891;2058098;1303;0;2;76.1;73.5;3.0;0.0;0.0;0.0
FR;2021-10-17;3898;5677;3674;4;0;0;51496569;49728568;2061772;1307;0;2;76.1;73.5;3.0;0.0;0.0;0.0
FR;2021-10-18;29217;42559;71384;27;0;0;51525786;49771127;2133156;1334;0;2;76.1;73.5;3.2;0.0;0.0;0.0
FR;2021-10-19;27196;43201;81679;43;0;0;51552982;49814328;2214835;1377;0;2;76.2;73.6;3.3;0.0;0.0;0.0
FR;2021-10-20;35347;51808;101582;44;0;0;51588329;49866136;2316417;1421;0;2;76.2;73.7;3.4;0.0;0.0;0.0
FR;2021-10-21;26169;41971;89195;30;0;0;51614498;49908107;2405612;1451;0;2;76.3;73.7;3.6;0.0;0.0;0.0
FR;2021-10-22;38450;59354;112654;61;0;0;51652948;49967461;2518266;1512;0;2;76.3;73.8;3.7;0.0;0.0;0.0
FR;2021-10-23;27034;42426;48637;14;0;0;51679982;50009887;2566903;1526;0;2;76.4;73.9;3.8;0.0;0.0;0.0
FR;2021-10-24;2947;5014;3923;1;0;0;51682929;50014901;2570826;1527;0;2;76.4;73.9;3.8;0.0;0.0;0.0
FR;2021-10-25;26110;35481;86681;38;0;0;51709039;50050382;2657507;1565;0;2;76.4;74.0;3.9;0.0;0.0;0.0
FR;2021-10-26;23770;32158;92413;35;0;0;51732809;50082540;2749920;1600;0;2;76.4;74.0;4.1;0.0;0.0;0.0
FR;2021-10-27;30116;44036;114753;48;0;0;51762925;50126576;2864673;1648;0;2;76.5;74.1;4.2;0.0;0.0;0.0
FR;2021-10-28;23611;31193;94544;35;0;0;51786536;50157769;2959217;1683;0;2;76.5;74.1;4.4;0.0;0.0;0.0
FR;2021-10-29;31590;46497;125437;52;0;0;51818126;50204266;3084654;1735;0;2;76.6;74.2;4.6;0.0;0.0;0.0
FR;2021-10-30;20578;32918;53430;20;0;0;51838704;50237184;3138084;1755;0;2;76.6;74.2;4.6;0.0;0.0;0.0
FR;2021-10-31;2519;3844;3881;3;0;0;51841223;50241028;3141965;1758;0;2;76.6;74.2;4.6;0.0;0.0;0.0
FR;2021-11-01;8544;5020;3587;10;0;0;51849767;50246048;3145552;1768;0;2;76.6;74.2;4.6;0.0;0.0;0.0
FR;2021-11-02;26387;36236;99674;44;0;1;51876154;50282284;3245226;1812;0;3;76.7;74.3;4.8;0.0;0.0;0.0
FR;2021-11-03;30134;43556;125912;62;0;0;51906288;50325840;3371138;1874;0;3;76.7;74.4;5.0;0.0;0.0;0.0
FR;2021-11-04;23824;31574;114483;46;0;0;51930112;50357414;3485621;1920;0;3;76.7;74.4;5.2;0.0;0.0;0.0
FR;2021-11-05;32422;44651;151469;54;0;0;51962534;50402065;3637090;1974;0;3;76.8;74.5;5.4;0.0;0.0;0.0
FR;2021-11-06;21554;32384;68353;26;0;0;51984088;50434449;3705443;2000;0;3;76.8;74.5;5.5;0.0;0.0;0.0
FR;2021-11-07;2430;3999;5598;7;0;0;51986518;50438448;3711041;2007;0;3;76.8;74.5;5.5;0.0;0.0;0.0
FR;2021-11-08;20634;30950;134364;50;0;0;52007152;50469398;3845405;2057;0;3;76.8;74.6;5.7;0.0;0.0;0.0
FR;2021-11-09;22443;32853;172362;65;0;0;52029595;50502251;4017767;2122;0;3;76.9;74.6;5.9;0.0;0.0;0.0
FR;2021-11-10;31621;44022;198890;91;0;0;52061216;50546273;4216657;2213;0;3;76.9;74.7;6.2;0.0;0.0;0.0
FR;2021-11-11;4750;5906;13982;17;0;0;52065966;50552179;4230639;2230;0;3;76.9;74.7;6.3;0.0;0.0;0.0
FR;2021-11-12;29104;41712;197506;86;0;0;52095070;50593891;4428145;2316;0;3;77.0;74.8;6.5;0.0;0.0;0.0
FR;2021-11-13;20357;28226;86355;44;0;0;52115427;50622117;4514500;2360;0;3;77.0;74.8;6.7;0.0;0.0;0.0
FR;2021-11-14;2367;3362;7847;9;0;0;52117794;50625479;4522347;2369;0;3;77.0;74.8;6.7;0.0;0.0;0.0
FR;2021-11-15;20525;27780;171652;77;0;0;52138319;50653259;4693999;2446;0;3;77.0;74.8;6.9;0.0;0.0;0.0
FR;2021-11-16;23675;27699;215191;115;0;1;52161994;50680958;4909190;2561;0;4;77.1;74.9;7.3;0.0;0.0;0.0
FR;2021-11-17;30545;36446;212974;98;0;0;52192539;50717404;5122164;2659;0;4;77.1;74.9;7.6;0.0;0.0;0.0
FR;2021-11-18;23460;29388;205744;94;0;0;52215999;50746792;5327908;2753;0;4;77.2;75.0;7.9;0.0;0.0;0.0
FR;2021-11-19;33696;39903;262312;147;0;0;52249695;50786695;5590220;2900;0;4;77.2;75.0;8.3;0.0;0.0;0.0
FR;2021-11-20;25426;29267;109768;43;0;0;52275121;50815962;5699988;2943;0;4;77.2;75.1;8.4;0.0;0.0;0.0
FR;2021-11-21;2666;3443;10609;19;0;0;52277787;50819405;5710597;2962;0;4;77.2;75.1;8.4;0.0;0.0;0.0
FR;2021-11-22;22824;18909;194924;90;0;0;52300611;50838314;5905521;3052;0;4;77.3;75.1;8.7;0.0;0.0;0.0
FR;2021-11-23;25738;24111;247987;85;0;0;52326349;50862425;6153508;3137;0;4;77.3;75.2;9.1;0.0;0.0;0.0
FR;2021-11-24;31823;34472;243364;80;0;0;52358172;50896897;6396872;3217;0;4;77.4;75.2;9.5;0.0;0.0;0.0
FR;2021-11-25;25654;25046;277941;112;0;0;52383826;50921943;6674813;3329;0;4;77.4;75.2;9.9;0.0;0.0;0.0
FR;2021-11-26;33256;37393;414798;172;0;0;52417082;50959336;7089611;3501;0;4;77.5;75.3;10.5;0.0;0.0;0.0
FR;2021-11-27;23508;28438;236787;135;0;0;52440590;50987774;7326398;3636;0;4;77.5;75.3;10.8;0.0;0.0;0.0
FR;2021-11-28;3528;4057;63332;42;0;0;52444118;50991831;7389730;3678;0;4;77.5;75.3;10.9;0.0;0.0;0.0
FR;2021-11-29;19449;23088;371913;178;0;0;52463567;51014919;7761643;3856;0;4;77.5;75.4;11.5;0.0;0.0;0.0
FR;2021-11-30;24789;26790;500939;291;0;0;52488356;51041709;8262582;4147;0;4;77.6;75.4;12.2;0.0;0.0;0.0
FR;2021-12-01;27401;31306;511449;304;0;0;52515757;51073015;8774031;4451;0;4;77.6;75.5;13.0;0.0;0.0;0.0
FR;2021-12-02;22133;20993;575060;309;0;0;52537890;51094008;9349091;4760;0;4;77.6;75.5;13.8;0.0;0.0;0.0
FR;2021-12-03;25582;34320;651331;343;0;0;52563472;51128328;10000422;5103;0;4;77.7;75.5;14.8;0.0;0.0;0.0
FR;2021-12-04;18342;25659;369891;197;0;0;52581814;51153987;10370313;5300;0;4;77.7;75.6;15.3;0.0;0.0;0.0
FR;2021-12-05;4158;4852;107050;92;0;0;52585972;51158839;10477363;5392;0;4;77.7;75.6;15.5;0.0;0.0;0.0
FR;2021-12-06;28452;25213;540116;387;0;0;52614424;51184052;11017479;5779;0;4;77.7;75.6;16.3;0.0;0.0;0.0
FR;2021-12-07;23569;28502;706604;416;0;0;52637993;51212554;11724083;6195;0;4;77.8;75.7;17.3;0.0;0.0;0.0
FR;2021-12-08;25527;34931;647777;439;0;0;52663520;51247485;12371860;6634;0;4;77.8;75.7;18.3;0.0;0.0;0.0
FR;2021-12-09;24087;28950;726834;463;0;0;52687607;51276435;13098694;7097;0;4;77.9;75.8;19.4;0.0;0.0;0.0
FR;2021-12-10;28079;37923;806404;472;0;1;52715686;51314358;13905098;7569;0;5;77.9;75.8;20.5;0.0;0.0;0.0
FR;2021-12-11;20255;29937;480485;343;0;0;52735941;51344295;14385583;7912;0;5;77.9;75.9;21.3;0.0;0.0;0.0
FR;2021-12-12;5685;6383;159236;108;0;0;52741626;51350678;14544819;8020;0;5;77.9;75.9;21.5;0.0;0.0;0.0
FR;2021-12-13;21372;29628;649470;397;0;0;52762998;51380306;15194289;8417;0;5;78.0;75.9;22.5;0.0;0.0;0.0
FR;2021-12-14;27991;35393;847811;701;0;1;52790989;51415699;16042100;9118;0;6;78.0;76.0;23.7;0.0;0.0;0.0
FR;2021-12-15;28458;39482;769317;503;0;1;52819447;51455181;16811417;9621;0;7;78.0;76.0;24.8;0.0;0.0;0.0
FR;2021-12-16;28058;35072;844701;516;0;0;52847505;51490253;17656118;10137;0;7;78.1;76.1;26.1;0.0;0.0;0.0
FR;2021-12-17;31665;43319;892197;611;0;0;52879170;51533572;18548315;10748;0;7;78.1;76.1;27.4;0.0;0.0;0.0
FR;2021-12-18;24945;30036;522271;353;0;0;52904115;51563608;19070586;11101;0;7;78.2;76.2;28.2;0.0;0.0;0.0
FR;2021-12-19;8771;7832;191057;143;0;0;52912886;51571440;19261643;11244;0;7;78.2;76.2;28.5;0.0;0.0;0.0
FR;2021-12-20;31785;33807;658845;503;0;0;52944671;51605247;19920488;11747;0;7;78.2;76.3;29.4;0.0;0.0;0.0
FR;2021-12-21;39484;38745;759706;607;0;0;52984155;51643992;20680194;12354;0;7;78.3;76.3;30.6;0.0;0.0;0.0
FR;2021-12-22;39566;37074;642230;687;0;2;53023721;51681066;21322424;13041;0;9;78.3;76.4;31.5;0.0;0.0;0.0
FR;2021-12-23;33794;30087;494449;589;0;0;53057515;51711153;21816873;13630;0;9;78.4;76.4;32.2;0.0;0.0;0.0
FR;2021-12-24;10701;11636;126675;236;0;1;53068216;51722789;21943548;13866;0;10;78.4;76.4;32.4;0.0;0.0;0.0
FR;2021-12-25;780;2047;9022;72;0;0;53068996;51724836;21952570;13938;0;10;78.4;76.4;32.4;0.0;0.0;0.0
FR;2021-12-26;4699;4735;60172;170;0;0;53073695;51729571;22012742;14108;0;10;78.4;76.4;32.5;0.0;0.0;0.0
FR;2021-12-27;30510;33013;509282;665;0;0;53104205;51762584;22522024;14773;0;10;78.5;76.5;33.3;0.0;0.0;0.0
FR;2021-12-28;38369;35081;632340;1558;0;2;53142574;51797665;23154364;16331;0;12;78.5;76.5;34.2;0.0;0.0;0.0
FR;2021-12-29;39882;33081;561058;1738;0;1;53182456;51830746;23715422;18069;0;13;78.6;76.6;35.0;0.0;0.0;0.0
FR;2021-12-30;35928;29500;471185;1880;0;0;53218384;51860246;24186607;19949;0;13;78.6;76.6;35.7;0.0;0.0;0.0
FR;2021-12-31;12053;11263;131680;741;0;0;53230437;51871509;24318287;20690;0;13;78.7;76.6;35.9;0.0;0.0;0.0
FR;2022-01-01;1597;1808;9942;103;0;0;53232034;51873317;24328229;20793;0;13;78.4;76.4;35.8;0.0;0.0;0.0
FR;2022-01-02;6131;5109;66975;408;0;0;53238165;51878426;24395204;21201;0;13;78.4;76.4;35.9;0.0;0.0;0.0
FR;2022-01-03;39751;36875;551790;2650;0;1;53277916;51915301;24946994;23851;0;14;78.5;76.5;36.8;0.0;0.0;0.0
FR;2022-01-04;42316;40642;714496;3836;0;3;53320232;51955943;25661490;27687;0;17;78.6;76.6;37.8;0.0;0.0;0.0
FR;2022-01-05;61226;43793;634324;3429;0;2;53381458;51999736;26295814;31116;0;19;78.7;76.6;38.7;0.0;0.0;0.0
FR;2022-01-06;44321;40216;711593;4555;0;2;53425779;52039952;27007407;35671;0;21;78.7;76.7;39.8;0.1;0.0;0.0
FR;2022-01-07;50847;46837;790563;4995;0;2;53476626;52086789;27797970;40666;0;23;78.8;76.8;41.0;0.1;0.0;0.0
FR;2022-01-08;45015;35043;472910;2447;0;3;53521641;52121832;28270880;43113;0;26;78.9;76.8;41.7;0.1;0.0;0.0
FR;2022-01-09;15614;11481;145663;829;0;0;53537255;52133313;28416543;43942;0;26;78.9;76.8;41.9;0.1;0.0;0.0
FR;2022-01-10;35425;43021;522791;3722;0;1;53572680;52176334;28939334;47664;0;27;78.9;76.9;42.6;0.1;0.0;0.0
FR;2022-01-11;41956;42393;608601;5218;0;2;53614636;52218727;29547935;52882;0;29;79.0;76.9;43.5;0.1;0.0;0.0
FR;2022-01-12;60425;49481;504415;4497;0;8;53675061;52268208;30052350;57379;0;37;79.1;77.0;44.3;0.1;0.0;0.0
FR;2022-01-13;38275;40546;541105;5467;0;8;53713336;52308754;30593455;62846;0;45;79.1;77.1;45.1;0.1;0.0;0.0
FR;2022-01-14;42590;43497;629062;6463;0;2;53755926;52352251;31222517;69309;0;47;79.2;77.1;46.0;0.1;0.0;0.0
FR;2022-01-15;39433;31449;377583;3296;0;1;53795359;52383700;31600100;72605;0;48;79.3;77.2;46.6;0.1;0.0;0.0
FR;2022-01-16;11415;9016;99404;764;0;0;53806774;52392716;31699504;73369;0;48;79.3;77.2;46.7;0.1;0.0;0.0
FR;2022-01-17;24757;28033;354175;3960;0;4;53831531;52420749;32053679;77329;0;52;79.3;77.2;47.2;0.1;0.0;0.0
FR;2022-01-18;28332;32010;397600;5771;0;1;53859863;52452759;32451279;83100;0;53;79.4;77.3;47.8;0.1;0.0;0.0
FR;2022-01-19;43231;40384;311093;4392;0;5;53903094;52493143;32762372;87492;0;58;79.4;77.4;48.3;0.1;0.0;0.0
FR;2022-01-20;23681;29562;328542;5637;0;4;53926775;52522705;33090914;93129;0;62;79.5;77.4;48.8;0.1;0.0;0.0
FR;2022-01-21;28214;33069;401222;6580;0;3;53954989;52555774;33492136;99709;0;65;79.5;77.4;49.4;0.1;0.0;0.0
FR;2022-01-22;27630;27302;241796;2838;0;2;53982619;52583076;33733932;102547;0;67;79.5;77.5;49.7;0.2;0.0;0.0
FR;2022-01-23;6740;7502;55170;591;0;1;53989359;52590578;33789102;103138;0;68;79.6;77.5;49.8;0.2;0.0;0.0
FR;2022-01-24;16287;25400;239358;4103;0;3;54005646;52615978;34028460;107241;0;71;79.6;77.5;50.1;0.2;0.0;0.0
FR;2022-01-25;19034;28807;267104;6067;0;5;54024680;52644785;34295564;113308;0;76;79.6;77.6;50.5;0.2;0.0;0.0
FR;2022-01-26;28148;41362;229549;4479;0;3;54052828;52686147;34525113;117787;0;79;79.6;77.6;50.9;0.2;0.0;0.0
FR;2022-01-27;16338;26148;226066;5693;0;4;54069166;52712295;34751179;123480;0;83;79.7;77.7;51.2;0.2;0.0;0.0
FR;2022-01-28;21594;44966;321350;7411;0;4;54090760;52757261;35072529;130891;0;87;79.7;77.7;51.7;0.2;0.0;0.0
FR;2022-01-29;18424;32752;204574;3255;0;2;54109184;52790013;35277103;134146;0;89;79.7;77.8;52.0;0.2;0.0;0.0
FR;2022-01-30;4477;9129;45055;637;0;1;54113661;52799142;35322158;134783;0;90;79.7;77.8;52.0;0.2;0.0;0.0
FR;2022-01-31;11262;26128;164720;4230;0;5;54124923;52825270;35486878;139013;0;95;79.8;77.8;52.3;0.2;0.0;0.0
FR;2022-02-01;13653;27329;191333;7036;0;1;54138576;52852599;35678211;146049;0;96;79.8;77.9;52.6;0.2;0.0;0.0
FR;2022-02-02;20761;46157;190078;5969;0;10;54159337;52898756;35868289;152018;0;106;79.8;77.9;52.9;0.2;0.0;0.0
FR;2022-02-03;11760;25345;173287;6932;0;6;54171097;52924101;36041576;158950;0;112;79.8;78.0;53.1;0.2;0.0;0.0
FR;2022-02-04;14647;37603;264080;9153;0;6;54185744;52961704;36305656;168103;0;118;79.8;78.0;53.5;0.2;0.0;0.0
FR;2022-02-05;12903;31977;172293;3784;0;3;54198647;52993681;36477949;171887;0;121;79.9;78.1;53.8;0.3;0.0;0.0
FR;2022-02-06;2726;7289;33830;663;0;0;54201373;53000970;36511779;172550;0;121;79.9;78.1;53.8;0.3;0.0;0.0
FR;2022-02-07;9620;24516;176303;5294;0;6;54210993;53025486;36688082;177844;0;127;79.9;78.1;54.1;0.3;0.0;0.0
FR;2022-02-08;9817;20967;184460;7054;0;6;54220810;53046453;36872542;184898;0;133;79.9;78.2;54.3;0.3;0.0;0.0
FR;2022-02-09;14463;35361;193068;5788;0;9;54235273;53081814;37065610;190686;0;142;79.9;78.2;54.6;0.3;0.0;0.0
FR;2022-02-10;8731;18705;166722;6503;0;2;54244004;53100519;37232332;197189;0;144;79.9;78.2;54.9;0.3;0.0;0.0
FR;2022-02-11;10864;25847;243117;8322;0;3;54254868;53126366;37475449;205511;0;147;79.9;78.3;55.2;0.3;0.0;0.0
FR;2022-02-12;8409;22637;151770;3508;0;4;54263277;53149003;37627219;209019;0;151;80.0;78.3;55.4;0.3;0.0;0.0
FR;2022-02-13;1940;4411;30930;544;0;3;54265217;53153414;37658149;209563;0;154;80.0;78.3;55.5;0.3;0.0;0.0
FR;2022-02-14;6998;14672;166385;4789;0;5;54272215;53168086;37824534;214352;0;159;80.0;78.3;55.7;0.3;0.0;0.0
FR;2022-02-15;7070;16008;162588;6849;0;3;54279285;53184094;37987122;221201;0;162;80.0;78.4;56.0;0.3;0.0;0.0
FR;2022-02-16;9417;25985;146769;5727;0;6;54288702;53210079;38133891;226928;0;168;80.0;78.4;56.2;0.3;0.0;0.0
FR;2022-02-17;5582;13147;94895;5408;0;5;54294284;53223226;38228786;232336;0;173;80.0;78.4;56.3;0.3;0.0;0.0
FR;2022-02-18;7003;18770;129339;7416;0;2;54301287;53241996;38358125;239752;0;175;80.0;78.5;56.5;0.4;0.0;0.0
FR;2022-02-19;5372;15910;77340;3020;0;2;54306659;53257906;38435465;242772;0;177;80.0;78.5;56.6;0.4;0.0;0.0
FR;2022-02-20;1152;2916;13957;460;0;1;54307811;53260822;38449422;243232;0;178;80.0;78.5;56.7;0.4;0.0;0.0
FR;2022-02-21;4100;10173;67188;4059;0;2;54311911;53270995;38516610;247291;0;180;80.0;78.5;56.8;0.4;0.0;0.0
FR;2022-02-22;4468;11271;64481;5255;0;1;54316379;53282266;38581091;252546;0;181;80.0;78.5;56.9;0.4;0.0;0.0
FR;2022-02-23;6593;19632;71911;4595;0;3;54322972;53301898;38653002;257141;0;184;80.0;78.5;57.0;0.4;0.0;0.0
FR;2022-02-24;3852;9524;53259;4531;0;2;54326824;53311422;38706261;261672;0;186;80.1;78.6;57.0;0.4;0.0;0.0
FR;2022-02-25;5287;15274;80104;7336;0;7;54332111;53326696;38786365;269008;0;193;80.1;78.6;57.2;0.4;0.0;0.0
FR;2022-02-26;3994;12174;51488;3083;0;3;54336105;53338870;38837853;272091;0;196;80.1;78.6;57.2;0.4;0.0;0.0
FR;2022-02-27;881;1980;8949;531;0;0;54336986;53340850;38846802;272622;0;196;80.1;78.6;57.2;0.4;0.0;0.0
FR;2022-02-28;3127;7597;42930;3857;0;0;54340113;53348447;38889732;276479;0;196;80.1;78.6;57.3;0.4;0.0;0.0
FR;2022-03-01;4013;7639;44875;5519;0;6;54344126;53356086;38934607;281998;0;202;80.1;78.6;57.4;0.4;0.0;0.0
FR;2022-03-02;5338;12961;49087;4931;0;2;54349464;53369047;38983694;286929;0;204;80.1;78.6;57.4;0.4;0.0;0.0
FR;2022-03-03;2830;6260;30025;4051;0;2;54352294;53375307;39013719;290980;0;206;80.1;78.7;57.5;0.4;0.0;0.0
FR;2022-03-04;3231;8522;39493;6235;0;4;54355525;53383829;39053212;297215;0;210;80.1;78.7;57.5;0.4;0.0;0.0
FR;2022-03-05;3075;7133;25126;3136;0;1;54358600;53390962;39078338;300351;0;211;80.1;78.7;57.6;0.4;0.0;0.0
FR;2022-03-06;522;1031;3444;379;0;0;54359122;53391993;39081782;300730;0;211;80.1;78.7;57.6;0.4;0.0;0.0
FR;2022-03-07;2501;3853;17710;3308;0;4;54361623;53395846;39099492;304038;0;215;80.1;78.7;57.6;0.4;0.0;0.0
FR;2022-03-08;2154;4336;17925;4093;0;3;54363777;53400182;39117417;308131;0;218;80.1;78.7;57.6;0.5;0.0;0.0
FR;2022-03-09;3583;8799;21295;4042;0;4;54367360;53408981;39138712;312173;0;222;80.1;78.7;57.7;0.5;0.0;0.0
FR;2022-03-10;1834;4399;15839;3408;0;3;54369194;53413380;39154551;315581;0;225;80.1;78.7;57.7;0.5;0.0;0.0
FR;2022-03-11;2422;5446;22280;5479;0;2;54371616;53418826;39176831;321060;0;227;80.1;78.7;57.7;0.5;0.0;0.0
FR;2022-03-12;2699;5494;16522;3137;0;2;54374315;53424320;39193353;324197;0;229;80.1;78.7;57.8;0.5;0.0;0.0
FR;2022-03-13;407;605;2272;538;0;0;54374722;53424925;39195625;324735;0;229;80.1;78.7;57.8;0.5;0.0;0.0
FR;2022-03-14;1563;2813;13843;7295;0;8;54376285;53427738;39209468;332030;0;237;80.1;78.7;57.8;0.5;0.0;0.0
FR;2022-03-15;1751;4810;14618;11036;0;9;54378036;53432548;39224086;343066;0;246;80.1;78.7;57.8;0.5;0.0;0.0
FR;2022-03-16;3041;6217;18113;16299;0;8;54381077;53438765;39242199;359365;0;254;80.1;78.7;57.8;0.5;0.0;0.0
FR;2022-03-17;1466;2809;11996;13315;0;9;54382543;53441574;39254195;372680;0;263;80.1;78.7;57.8;0.5;0.0;0.0
FR;2022-03-18;2268;4099;18116;22039;0;15;54384811;53445673;39272311;394719;0;278;80.1;78.8;57.9;0.6;0.0;0.0
FR;2022-03-19;2294;4142;12421;11409;0;6;54387105;53449815;39284732;406128;0;284;80.1;78.8;57.9;0.6;0.0;0.0
FR;2022-03-20;302;530;1933;1340;0;2;54387407;53450345;39286665;407468;0;286;80.1;78.8;57.9;0.6;0.0;0.0
FR;2022-03-21;1395;2157;11962;16910;0;11;54388802;53452502;39298627;424378;0;297;80.1;78.8;57.9;0.6;0.0;0.0
FR;2022-03-22;1557;2581;12564;22846;0;5;54390359;53455083;39311191;447224;0;302;80.1;78.8;57.9;0.7;0.0;0.0
FR;2022-03-23;2692;5232;17251;25269;0;40;54393051;53460315;39328442;472493;0;342;80.2;78.8;58.0;0.7;0.0;0.0
FR;2022-03-24;1411;2248;10685;19395;0;23;54394462;53462563;39339127;491888;0;365;80.2;78.8;58.0;0.7;0.0;0.0
FR;2022-03-25;2090;3691;16922;30810;0;31;54396552;53466254;39356049;522698;0;396;80.2;78.8;58.0;0.8;0.0;0.0
FR;2022-03-26;2232;3866;11521;14402;0;26;54398784;53470120;39367570;537100;0;422;80.2;78.8;58.0;0.8;0.0;0.0
FR;2022-03-27;365;515;1943;1740;0;1;54399149;53470635;39369513;538840;0;423;80.2;78.8;58.0;0.8;0.0;0.0
FR;2022-03-28;1468;2121;10621;19070;0;16;54400617;53472756;39380134;557910;0;439;80.2;78.8;58.0;0.8;0.0;0.0
FR;2022-03-29;1452;2100;12055;29285;0;34;54402069;53474856;39392189;587195;0;473;80.2;78.8;58.0;0.9;0.0;0.0
FR;2022-03-30;2854;4774;15091;29341;0;21;54404923;53479630;39407280;616536;0;494;80.2;78.8;58.1;0.9;0.0;0.0
FR;2022-03-31;1615;2570;12331;26652;0;43;54406538;53482200;39419611;643188;0;537;80.2;78.8;58.1;0.9;0.0;0.0
FR;2022-04-01;2690;2974;18726;33489;0;62;54409228;53485174;39438337;676677;0;599;80.2;78.8;58.1;1.0;0.0;0.0
FR;2022-04-02;1532;2009;8728;11298;0;29;54410760;53487183;39447065;687975;0;628;80.2;78.8;58.1;1.0;0.0;0.0
FR;2022-04-03;294;360;1581;1382;0;2;54411054;53487543;39448646;689357;0;630;80.2;78.8;58.1;1.0;0.0;0.0
FR;2022-04-04;4570;2055;11598;20605;0;35;54415624;53489598;39460244;709962;0;665;80.2;78.8;58.1;1.0;0.0;0.0
FR;2022-04-05;2608;2055;13207;35769;0;85;54418232;53491653;39473451;745731;0;750;80.2;78.8;58.2;1.1;0.0;0.0
FR;2022-04-06;2613;3030;12821;28025;0;72;54420845;53494683;39486272;773756;0;822;80.2;78.8;58.2;1.1;0.0;0.0
FR;2022-04-07;1989;1999;12901;35178;0;76;54422834;53496682;39499173;808934;0;898;80.2;78.8;58.2;1.2;0.0;0.0
FR;2022-04-08;2310;2675;17862;46369;0;89;54425144;53499357;39517035;855303;0;987;80.2;78.8;58.2;1.3;0.0;0.0
FR;2022-04-09;1374;1905;8869;14800;0;30;54426518;53501262;39525904;870103;0;1017;80.2;78.8;58.2;1.3;0.0;0.0
FR;2022-04-10;296;555;2007;2279;0;7;54426814;53501817;39527911;872382;0;1024;80.2;78.8;58.2;1.3;0.0;0.0
FR;2022-04-11;1351;1655;11483;25207;0;74;54428165;53503472;39539394;897589;0;1098;80.2;78.8;58.3;1.3;0.0;0.0
FR;2022-04-12;1729;1967;13397;41819;0;127;54429894;53505439;39552791;939408;0;1225;80.2;78.8;58.3;1.4;0.0;0.0
FR;2022-04-13;1978;2720;13038;34087;0;96;54431872;53508159;39565829;973495;0;1321;80.2;78.8;58.3;1.4;0.0;0.0
FR;2022-04-14;1510;1944;13074;37024;0;105;54433382;53510103;39578903;1010519;0;1426;80.2;78.8;58.3;1.5;0.0;0.0
FR;2022-04-15;1884;2624;14927;37235;0;115;54435266;53512727;39593830;1047754;0;1541;80.2;78.9;58.3;1.5;0.0;0.0
FR;2022-04-16;1046;1263;6263;9435;0;40;54436312;53513990;39600093;1057189;0;1581;80.2;78.9;58.4;1.6;0.0;0.0
FR;2022-04-17;195;224;1036;1242;0;7;54436507;53514214;39601129;1058431;0;1588;80.2;78.9;58.4;1.6;0.0;0.0
FR;2022-04-18;201;358;2787;1287;0;5;54436708;53514572;39603916;1059718;0;1593;80.2;78.9;58.4;1.6;0.0;0.0
FR;2022-04-19;1547;1879;12480;30738;0;78;54438255;53516451;39616396;1090456;0;1671;80.2;78.9;58.4;1.6;0.0;0.0
FR;2022-04-20;2009;2612;12996;30088;0;96;54440264;53519063;39629392;1120544;0;1767;80.2;78.9;58.4;1.7;0.0;0.0
FR;2022-04-21;1516;1828;12647;35786;0;117;54441780;53520891;39642039;1156330;0;1884;80.2;78.9;58.4;1.7;0.0;0.0
FR;2022-04-22;1880;2402;15847;39178;0;132;54443660;53523293;39657886;1195508;0;2016;80.2;78.9;58.4;1.8;0.0;0.0
FR;2022-04-23;1151;1482;7242;11446;0;38;54444811;53524775;39665128;1206954;0;2054;80.2;78.9;58.4;1.8;0.0;0.0
FR;2022-04-24;249;326;1414;1850;0;7;54445060;53525101;39666542;1208804;0;2061;80.2;78.9;58.5;1.8;0.0;0.0
FR;2022-04-25;1308;1614;10501;22096;0;79;54446368;53526715;39677043;1230900;0;2140;80.2;78.9;58.5;1.8;0.0;0.0
FR;2022-04-26;1627;1967;13114;39463;0;181;54447995;53528682;39690157;1270363;0;2321;80.2;78.9;58.5;1.9;0.0;0.0
FR;2022-04-27;1965;2283;11597;31507;0;131;54449960;53530965;39701754;1301870;0;2452;80.2;78.9;58.5;1.9;0.0;0.0
FR;2022-04-28;1571;1866;12271;36586;0;139;54451531;53532831;39714025;1338456;0;2591;80.2;78.9;58.5;2.0;0.0;0.0
FR;2022-04-29;2011;3639;14938;38751;0;164;54453542;53536470;39728963;1377207;0;2755;80.2;78.9;58.5;2.0;0.0;0.0
FR;2022-04-30;1225;4196;6758;10608;0;44;54454767;53540666;39735721;1387815;0;2799;80.2;78.9;58.6;2.0;0.0;0.0
FR;2022-05-01;221;229;911;1141;0;6;54454988;53540895;39736632;1388956;0;2805;80.2;78.9;58.6;2.0;0.0;0.0
FR;2022-05-02;2364;2066;10994;19026;0;69;54457352;53542961;39747626;1407982;0;2874;80.2;78.9;58.6;2.1;0.0;0.0
FR;2022-05-03;2067;2129;13571;35625;0;163;54459419;53545090;39761197;1443607;0;3037;80.2;78.9;58.6;2.1;0.0;0.0
FR;2022-05-04;1926;2302;12305;26202;0;110;54461345;53547392;39773502;1469809;0;3147;80.3;78.9;58.6;2.2;0.0;0.0
FR;2022-05-05;1796;2018;12916;34270;0;180;54463141;53549410;39786418;1504079;0;3327;80.3;78.9;58.6;2.2;0.0;0.0
FR;2022-05-06;2218;2326;14877;38283;0;182;54465359;53551736;39801295;1542362;0;3509;80.3;78.9;58.6;2.3;0.0;0.0
FR;2022-05-07;1210;1255;6456;10339;0;48;54466569;53552991;39807751;1552701;0;3557;80.3;78.9;58.7;2.3;0.0;0.0
FR;2022-05-08;267;288;1236;1654;0;8;54466836;53553279;39808987;1554355;0;3565;80.3;78.9;58.7;2.3;0.0;0.0
FR;2022-05-09;1404;1414;9798;21175;0;102;54468240;53554693;39818785;1575530;0;3667;80.3;78.9;58.7;2.3;0.0;0.0
FR;2022-05-10;1803;2296;13133;40027;0;200;54470043;53556989;39831918;1615557;0;3867;80.3;78.9;58.7;2.4;0.0;0.0
FR;2022-05-11;2004;2326;10701;28447;0;146;54472047;53559315;39842619;1644004;0;4013;80.3;78.9;58.7;2.4;0.0;0.0
FR;2022-05-12;1595;1817;11056;36527;0;211;54473642;53561132;39853675;1680531;0;4224;80.3;78.9;58.7;2.5;0.0;0.0
FR;2022-05-13;1985;2069;13350;39246;0;162;54475627;53563201;39867025;1719777;0;4386;80.3;78.9;58.7;2.5;0.0;0.0
FR;2022-05-14;1150;1207;5801;11366;0;58;54476777;53564408;39872826;1731143;0;4444;80.3;78.9;58.8;2.6;0.0;0.0
FR;2022-05-15;283;303;1361;1593;0;6;54477060;53564711;39874187;1732736;0;4450;80.3;78.9;58.8;2.6;0.0;0.0
FR;2022-05-16;1200;1248;8702;21599;0;128;54478260;53565959;39882889;1754335;0;4578;80.3;78.9;58.8;2.6;0.0;0.0
FR;2022-05-17;1593;1671;11405;38726;0;180;54479853;53567630;39894294;1793061;0;4758;80.3;78.9;58.8;2.6;0.0;0.0
FR;2022-05-18;1816;1957;9667;27785;0;109;54481669;53569587;39903961;1820846;0;4867;80.3;78.9;58.8;2.7;0.0;0.0
FR;2022-05-19;1451;1636;10721;36037;0;162;54483120;53571223;39914682;1856883;0;5029;80.3;78.9;58.8;2.7;0.0;0.0
FR;2022-05-20;1876;2080;12913;40389;0;168;54484996;53573303;39927595;1897272;0;5197;80.3;78.9;58.8;2.8;0.0;0.0
FR;2022-05-21;1159;1314;5533;10534;0;45;54486155;53574617;39933128;1907806;0;5242;80.3;78.9;58.8;2.8;0.0;0.0
FR;2022-05-22;241;263;1017;1585;0;10;54486396;53574880;39934145;1909391;0;5252;80.3;78.9;58.8;2.8;0.0;0.0
FR;2022-05-23;1176;1411;8830;21030;0;86;54487572;53576291;39942975;1930421;0;5338;80.3;78.9;58.9;2.8;0.0;0.0
FR;2022-05-24;1542;1736;11239;39515;0;190;54489114;53578027;39954214;1969936;0;5528;80.3;78.9;58.9;2.9;0.0;0.0
FR;2022-05-25;1814;2080;9481;25323;0;116;54490928;53580107;39963695;1995259;0;5644;80.3;79.0;58.9;2.9;0.0;0.0
FR;2022-05-26;216;293;1677;1344;0;26;54491144;53580400;39965372;1996603;0;5670;80.3;79.0;58.9;2.9;0.0;0.0
FR;2022-05-27;1390;1670;9006;22325;0;94;54492534;53582070;39974378;2018928;0;5764;80.3;79.0;58.9;3.0;0.0;0.0
FR;2022-05-28;669;852;3968;7204;0;38;54493203;53582922;39978346;2026132;0;5802;80.3;79.0;58.9;3.0;0.0;0.0
FR;2022-05-29;157;200;774;1033;0;4;54493360;53583122;39979120;2027165;0;5806;80.3;79.0;58.9;3.0;0.0;0.0
FR;2022-05-30;1026;1249;7013;19808;0;91;54494386;53584371;39986133;2046973;0;5897;80.3;79.0;58.9;3.0;0.0;0.0
FR;2022-05-31;1488;1649;9645;36295;0;171;54495874;53586020;39995778;2083268;0;6068;80.3;79.0;58.9;3.1;0.0;0.0
FR;2022-06-01;1754;2256;10896;25490;0;122;54497628;53588276;40006674;2108758;0;6190;80.3;79.0;59.0;3.1;0.0;0.0
FR;2022-06-02;1480;1718;10865;36552;0;174;54499108;53589994;40017539;2145310;0;6364;80.3;79.0;59.0;3.2;0.0;0.0
FR;2022-06-03;1729;2054;12789;40001;0;176;54500837;53592048;40030328;2185311;0;6540;80.3;79.0;59.0;3.2;0.0;0.0
FR;2022-06-04;975;1077;5117;9650;0;73;54501812;53593125;40035445;2194961;0;6613;80.3;79.0;59.0;3.2;0.0;0.0
FR;2022-06-05;181;207;887;1230;0;4;54501993;53593332;40036332;2196191;0;6617;80.3;79.0;59.0;3.2;0.0;0.0
FR;2022-06-06;896;1081;2142;1510;0;13;54502889;53594413;40038474;2197701;0;6630;80.3;79.0;59.0;3.2;0.0;0.0
FR;2022-06-07;1499;1794;9435;36825;0;153;54504388;53596207;40047909;2234526;0;6783;80.3;79.0;59.0;3.3;0.0;0.0
FR;2022-06-08;1585;1942;9021;29757;0;112;54505973;53598149;40056930;2264283;0;6895;80.3;79.0;59.0;3.3;0.0;0.0
FR;2022-06-09;1297;1556;10267;40280;0;167;54507270;53599705;40067197;2304563;0;7062;80.3;79.0;59.0;3.4;0.0;0.0
FR;2022-06-10;1631;2161;12669;46153;0;223;54508901;53601866;40079866;2350716;0;7285;80.3;79.0;59.1;3.5;0.0;0.0
FR;2022-06-11;962;1125;5465;12212;0;55;54509863;53602991;40085331;2362928;0;7340;80.3;79.0;59.1;3.5;0.0;0.0
FR;2022-06-12;203;255;1143;1866;0;11;54510066;53603246;40086474;2364794;0;7351;80.3;79.0;59.1;3.5;0.0;0.0
FR;2022-06-13;1127;1344;7270;24099;0;90;54511193;53604590;40093744;2388893;0;7441;80.3;79.0;59.1;3.5;0.0;0.0
FR;2022-06-14;1347;1598;9808;46144;0;200;54512540;53606188;40103552;2435037;0;7641;80.3;79.0;59.1;3.6;0.0;0.0
FR;2022-06-15;1529;1935;8965;31617;0;180;54514069;53608123;40112517;2466654;0;7821;80.3;79.0;59.1;3.6;0.0;0.0
FR;2022-06-16;1189;1281;9330;40954;0;201;54515258;53609404;40121847;2507608;0;8022;80.3;79.0;59.1;3.7;0.0;0.0
FR;2022-06-17;1494;1788;11920;47935;0;240;54516752;53611192;40133767;2555543;0;8262;80.3;79.0;59.1;3.8;0.0;0.0
FR;2022-06-18;857;1038;4501;11720;0;67;54517609;53612230;40138268;2567263;0;8329;80.3;79.0;59.1;3.8;0.0;0.0
FR;2022-06-19;183;208;1131;1701;0;14;54517792;53612438;40139399;2568964;0;8343;80.3;79.0;59.1;3.8;0.0;0.0
FR;2022-06-20;1027;1204;8569;27022;0;156;54518819;53613642;40147968;2595986;0;8499;80.3;79.0;59.2;3.8;0.0;0.0
FR;2022-06-21;1329;1540;9340;51283;0;264;54520148;53615182;40157308;2647269;0;8763;80.3;79.0;59.2;3.9;0.0;0.0
FR;2022-06-22;1398;1809;8430;40009;0;256;54521546;53616991;40165738;2687278;0;9019;80.3;79.0;59.2;4.0;0.0;0.0
FR;2022-06-23;1229;1366;9886;56247;0;320;54522775;53618357;40175624;2743525;0;9339;80.3;79.0;59.2;4.0;0.0;0.0
FR;2022-06-24;1493;1751;12309;71005;0;405;54524268;53620108;40187933;2814530;0;9744;80.3;79.0;59.2;4.1;0.0;0.0
FR;2022-06-25;939;1112;5989;20778;0;177;54525207;53621220;40193922;2835308;0;9921;80.3;79.0;59.2;4.2;0.0;0.0
FR;2022-06-26;229;259;1818;3966;0;39;54525436;53621479;40195740;2839274;0;9960;80.3;79.0;59.2;4.2;0.0;0.0
FR;2022-06-27;1134;1179;9636;49765;0;339;54526570;53622658;40205376;2889039;0;10299;80.3;79.0;59.2;4.3;0.0;0.0
FR;2022-06-28;1464;1585;13092;93194;0;624;54528034;53624243;40218468;2982233;0;10923;80.3;79.0;59.3;4.4;0.0;0.0
FR;2022-06-29;1713;1848;11242;73040;0;548;54529747;53626091;40229710;3055273;0;11471;80.4;79.0;59.3;4.5;0.0;0.0
FR;2022-06-30;1538;1661;12477;97185;0;724;54531285;53627752;40242187;3152458;0;12195;80.4;79.0;59.3;4.6;0.0;0.0
FR;2022-07-01;2017;2310;18861;118587;0;954;54533302;53630062;40261048;3271045;0;13149;80.4;79.0;59.3;4.8;0.0;0.0
FR;2022-07-02;1088;1108;7705;36876;0;342;54534390;53631170;40268753;3307921;0;13491;80.4;79.0;59.3;4.9;0.0;0.0
FR;2022-07-03;294;320;1898;6805;0;79;54534684;53631490;40270651;3314726;0;13570;80.4;79.0;59.3;4.9;0.0;0.0
FR;2022-07-04;1972;2338;12993;81308;0;639;54536656;53633828;40283644;3396034;0;14209;80.4;79.0;59.4;5.0;0.0;0.0
FR;2022-07-05;1799;1805;16025;135573;0;1146;54538455;53635633;40299669;3531607;0;15355;80.4;79.0;59.4;5.2;0.0;0.0
FR;2022-07-06;1849;1856;13651;101172;0;900;54540304;53637489;40313320;3632779;0;16255;80.4;79.0;59.4;5.4;0.0;0.0
FR;2022-07-07;1717;1712;14789;128369;0;1179;54542021;53639201;40328109;3761148;0;17434;80.4;79.0;59.4;5.5;0.0;0.0
FR;2022-07-08;1894;1857;16769;140085;0;1347;54543915;53641058;40344878;3901233;0;18781;80.4;79.0;59.4;5.7;0.0;0.0
FR;2022-07-09;868;883;6693;38769;0;426;54544783;53641941;40351571;3940002;0;19207;80.4;79.0;59.5;5.8;0.0;0.0
FR;2022-07-10;272;441;2125;7395;0;94;54545055;53642382;40353696;3947397;0;19301;80.4;79.0;59.5;5.8;0.0;0.0
FR;2022-07-11;1459;1405;12514;90476;0;801;54546514;53643787;40366210;4037873;0;20102;80.4;79.0;59.5;5.9;0.0;0.0
FR;2022-07-12;1844;1716;16735;146678;0;1604;54548358;53645503;40382945;4184551;0;21706;80.4;79.0;59.5;6.2;0.0;0.0
FR;2022-07-13;1784;1666;13278;96402;0;1080;54550142;53647169;40396223;4280953;0;22786;80.4;79.1;59.5;6.3;0.0;0.0
FR;2022-07-14;187;221;1836;5707;0;82;54550329;53647390;40398059;4286660;0;22868;80.4;79.1;59.5;6.3;0.0;0.0
FR;2022-07-15;1487;1441;12601;86624;0;1035;54551816;53648831;40410660;4373284;0;23903;80.4;79.1;59.5;6.4;0.0;0.0
FR;2022-07-16;628;699;5155;25674;0;327;54552444;53649530;40415815;4398958;0;24230;80.4;79.1;59.6;6.5;0.0;0.0
FR;2022-07-17;182;218;1570;4938;0;66;54552626;53649748;40417385;4403896;0;24296;80.4;79.1;59.6;6.5;0.0;0.0
FR;2022-07-18;1132;1342;9979;63673;0;780;54553758;53651090;40427364;4467569;0;25076;80.4;79.1;59.6;6.6;0.0;0.0
FR;2022-07-19;1423;1396;12296;105898;0;1459;54555181;53652486;40439660;4573467;0;26535;80.4;79.1;59.6;6.7;0.0;0.0
FR;2022-07-20;1430;1470;10744;79173;0;1051;54556611;53653956;40450404;4652640;0;27586;80.4;79.1;59.6;6.9;0.0;0.0
FR;2022-07-21;1289;1372;10500;89730;0;1316;54557900;53655328;40460904;4742370;0;28902;80.4;79.1;59.6;7.0;0.0;0.0
FR;2022-07-22;1433;1470;11974;91420;0;1347;54559333;53656798;40472878;4833790;0;30249;80.4;79.1;59.6;7.1;0.0;0.0
FR;2022-07-23;685;821;4858;23081;0;411;54560018;53657619;40477736;4856871;0;30660;80.4;79.1;59.6;7.2;0.0;0.0
FR;2022-07-24;186;204;1243;4132;0;72;54560204;53657823;40478979;4861003;0;30732;80.4;79.1;59.6;7.2;0.0;0.0
FR;2022-07-25;1061;1149;7845;49519;0;737;54561265;53658972;40486824;4910522;0;31469;80.4;79.1;59.7;7.2;0.0;0.0
FR;2022-07-26;1301;1323;10829;87137;0;1311;54562566;53660295;40497653;4997659;0;32780;80.4;79.1;59.7;7.4;0.0;0.0
FR;2022-07-27;1226;1341;8530;62522;0;971;54563792;53661636;40506183;5060181;0;33751;80.4;79.1;59.7;7.5;0.0;0.0
FR;2022-07-28;1094;1261;8226;65648;0;1046;54564886;53662897;40514409;5125829;0;34797;80.4;79.1;59.7;7.6;0.0;0.1
FR;2022-07-29;1282;1387;8765;67331;0;1140;54566168;53664284;40523174;5193160;0;35937;80.4;79.1;59.7;7.7;0.0;0.1
FR;2022-07-30;503;604;2974;15666;0;303;54566671;53664888;40526148;5208826;0;36240;80.4;79.1;59.7;7.7;0.0;0.1
FR;2022-07-31;154;185;788;2588;0;49;54566825;53665073;40526936;5211414;0;36289;80.4;79.1;59.7;7.7;0.0;0.1
FR;2022-08-01;1005;1262;6399;31314;0;549;54567830;53666335;40533335;5242728;0;36838;80.4;79.1;59.7;7.7;0.0;0.1
FR;2022-08-02;1056;1157;6895;56808;0;1170;54568886;53667492;40540230;5299536;0;38008;80.4;79.1;59.7;7.8;0.0;0.1
FR;2022-08-03;852;903;5150;39421;0;702;54569738;53668395;40545380;5338957;0;38710;80.4;79.1;59.7;7.9;0.0;0.1
FR;2022-08-04;741;783;5307;43726;0;917;54570479;53669178;40550687;5382683;0;39627;80.4;79.1;59.8;7.9;0.0;0.1
FR;2022-08-05;861;972;5681;45631;0;993;54571340;53670150;40556368;5428314;0;40620;80.4;79.1;59.8;8.0;0.0;0.1
FR;2022-08-06;341;401;1759;9568;0;228;54571681;53670551;40558127;5437882;0;40848;80.4;79.1;59.8;8.0;0.0;0.1
FR;2022-08-07;104;120;453;1703;0;38;54571785;53670671;40558580;5439585;0;40886;80.4;79.1;59.8;8.0;0.0;0.1
FR;2022-08-08;676;921;3293;22544;0;490;54572461;53671592;40561873;5462129;0;41376;80.4;79.1;59.8;8.0;0.0;0.1
FR;2022-08-09;748;854;4804;40446;0;844;54573209;53672446;40566677;5502575;0;42220;80.4;79.1;59.8;8.1;0.0;0.1
FR;2022-08-10;674;1008;3797;28392;0;652;54573883;53673454;40570474;5530967;0;42872;80.4;79.1;59.8;8.2;0.0;0.1
FR;2022-08-11;640;744;3713;29589;0;676;54574523;53674198;40574187;5560556;0;43548;80.4;79.1;59.8;8.2;0.0;0.1
FR;2022-08-12;849;851;3920;28656;0;704;54575372;53675049;40578107;5589212;0;44252;80.4;79.1;59.8;8.2;0.0;0.1
FR;2022-08-13;363;325;1120;5419;0;121;54575735;53675374;40579227;5594631;0;44373;80.4;79.1;59.8;8.2;0.0;0.1
FR;2022-08-14;74;104;247;995;0;25;54575809;53675478;40579474;5595626;0;44398;80.4;79.1;59.8;8.2;0.0;0.1
FR;2022-08-15;117;198;558;618;0;19;54575926;53675676;40580032;5596244;0;44417;80.4;79.1;59.8;8.2;0.0;0.1
FR;2022-08-16;646;840;3356;22372;0;615;54576572;53676516;40583388;5618616;0;45032;80.4;79.1;59.8;8.3;0.0;0.1
FR;2022-08-17;654;816;3294;23141;0;620;54577226;53677332;40586682;5641757;0;45652;80.4;79.1;59.8;8.3;0.0;0.1
FR;2022-08-18;637;806;3262;26545;0;673;54577863;53678138;40589944;5668302;0;46325;80.4;79.1;59.8;8.4;0.0;0.1
FR;2022-08-19;607;875;3694;27565;0;766;54578470;53679013;40593638;5695867;0;47091;80.4;79.1;59.8;8.4;0.0;0.1
FR;2022-08-20;311;402;1171;5728;0;146;54578781;53679415;40594809;5701595;0;47237;80.4;79.1;59.8;8.4;0.0;0.1
FR;2022-08-21;97;96;267;1044;0;27;54578878;53679511;40595076;5702639;0;47264;80.4;79.1;59.8;8.4;0.0;0.1
FR;2022-08-22;584;780;2798;15688;0;425;54579462;53680291;40597874;5718327;0;47689;80.4;79.1;59.8;8.4;0.0;0.1
FR;2022-08-23;733;853;3610;29091;0;870;54580195;53681144;40601484;5747418;0;48559;80.4;79.1;59.8;8.5;0.0;0.1
FR;2022-08-24;670;786;2860;19729;0;608;54580865;53681930;40604344;5767147;0;49167;80.4;79.1;59.8;8.5;0.0;0.1
FR;2022-08-25;626;731;3295;23666;0;673;54581491;53682661;40607639;5790813;0;49840;80.4;79.1;59.8;8.5;0.0;0.1
FR;2022-08-26;862;961;3671;26257;0;777;54582353;53683622;40611310;5817070;0;50617;80.4;79.1;59.8;8.6;0.0;0.1
FR;2022-08-27;299;362;1244;5533;0;194;54582652;53683984;40612554;5822603;0;50811;80.4;79.1;59.8;8.6;0.0;0.1
FR;2022-08-28;125;117;288;966;0;38;54582777;53684101;40612842;5823569;0;50849;80.4;79.1;59.8;8.6;0.0;0.1
FR;2022-08-29;623;770;2614;14985;0;433;54583400;53684871;40615456;5838554;0;51282;80.4;79.1;59.8;8.6;0.0;0.1
FR;2022-08-30;855;900;3914;28883;0;823;54584255;53685771;40619370;5867437;0;52105;80.4;79.1;59.9;8.6;0.0;0.1
FR;2022-08-31;697;745;2718;17911;0;508;54584952;53686516;40622088;5885348;0;52613;80.4;79.1;59.9;8.7;0.0;0.1
FR;2022-09-01;763;709;3827;22768;0;623;54585715;53687225;40625915;5908116;0;53236;80.4;79.1;59.9;8.7;0.0;0.1
FR;2022-09-02;998;849;4258;28909;0;914;54586713;53688074;40630173;5937025;0;54150;80.4;79.1;59.9;8.7;0.0;0.1
FR;2022-09-03;422;425;1667;6323;0;181;54587135;53688499;40631840;5943348;0;54331;80.4;79.1;59.9;8.8;0.0;0.1
FR;2022-09-04;135;85;347;945;0;24;54587270;53688584;40632187;5944293;0;54355;80.4;79.1;59.9;8.8;0.0;0.1
FR;2022-09-05;779;739;2658;16379;0;523;54588049;53689323;40634845;5960672;0;54878;80.4;79.1;59.9;8.8;0.0;0.1
FR;2022-09-06;925;681;3873;32082;0;1040;54588974;53690004;40638718;5992754;0;55918;80.4;79.1;59.9;8.8;0.0;0.1
FR;2022-09-07;713;573;2482;16972;0;573;54589687;53690577;40641200;6009726;0;56491;80.4;79.1;59.9;8.9;0.0;0.1
FR;2022-09-08;635;597;3142;24957;0;818;54590322;53691174;40644342;6034683;0;57309;80.4;79.1;59.9;8.9;0.0;0.1
FR;2022-09-09;852;683;3686;27836;0;951;54591174;53691857;40648028;6062519;0;58260;80.4;79.1;59.9;8.9;0.0;0.1
FR;2022-09-10;408;480;1539;5917;0;207;54591582;53692337;40649567;6068436;0;58467;80.4;79.1;59.9;8.9;0.0;0.1
FR;2022-09-11;124;93;307;716;0;17;54591706;53692430;40649874;6069152;0;58484;80.4;79.1;59.9;8.9;0.0;0.1
FR;2022-09-12;523;463;2296;13590;0;478;54592229;53692893;40652170;6082742;0;58962;80.4;79.1;59.9;9.0;0.0;0.1
FR;2022-09-13;683;562;3490;26398;0;875;54592912;53693455;40655660;6109140;0;59837;80.4;79.1;59.9;9.0;0.0;0.1
FR;2022-09-14;710;595;2485;16421;0;573;54593622;53694050;40658145;6125561;0;60410;80.4;79.1;59.9;9.0;0.0;0.1
FR;2022-09-15;579;602;2967;23656;0;728;54594201;53694652;40661112;6149217;0;61138;80.4;79.1;59.9;9.1;0.0;0.1
FR;2022-09-16;799;734;3489;26139;0;932;54595000;53695386;40664601;6175356;0;62070;80.4;79.1;59.9;9.1;0.0;0.1
FR;2022-09-17;395;392;1284;6238;0;243;54595395;53695778;40665885;6181594;0;62313;80.4;79.1;59.9;9.1;0.0;0.1
FR;2022-09-18;117;123;292;1017;0;37;54595512;53695901;40666177;6182611;0;62350;80.4;79.1;59.9;9.1;0.0;0.1
FR;2022-09-19;482;451;1936;13402;0;437;54595994;53696352;40668113;6196013;0;62787;80.4;79.1;59.9;9.1;0.0;0.1
FR;2022-09-20;646;659;3158;26516;0;893;54596640;53697011;40671271;6222529;0;63680;80.5;79.1;59.9;9.2;0.0;0.1
FR;2022-09-21;591;580;2355;16250;0;587;54597231;53697591;40673626;6238779;0;64267;80.5;79.1;59.9;9.2;0.0;0.1
FR;2022-09-22;601;575;2810;23850;0;775;54597832;53698166;40676436;6262629;0;65042;80.5;79.1;59.9;9.2;0.0;0.1
FR;2022-09-23;839;776;3764;28903;0;1021;54598671;53698942;40680200;6291532;0;66063;80.5;79.1;59.9;9.3;0.0;0.1
FR;2022-09-24;428;474;1422;7091;0;308;54599099;53699416;40681622;6298623;0;66371;80.5;79.1;59.9;9.3;0.0;0.1
FR;2022-09-25;99;149;307;1143;0;37;54599198;53699565;40681929;6299766;0;66408;80.5;79.1;59.9;9.3;0.0;0.1
FR;2022-09-26;437;485;2019;13650;0;435;54599635;53700050;40683948;6313416;0;66843;80.5;79.1;59.9;9.3;0.0;0.1
FR;2022-09-27;615;615;2910;26099;0;959;54600250;53700665;40686858;6339515;0;67802;80.5;79.1;60.0;9.3;0.0;0.1
FR;2022-09-28;635;635;2305;15516;0;622;54600885;53701300;40689163;6355031;0;68424;80.5;79.1;60.0;9.4;0.0;0.1
FR;2022-09-29;566;547;2651;21088;43;810;54601451;53701847;40691814;6376119;43;69234;80.5;79.1;60.0;9.4;0.0;0.1
FR;2022-09-30;787;845;3302;25831;715;1052;54602238;53702692;40695116;6401950;758;70286;80.5;79.1;60.0;9.4;0.0;0.1
FR;2022-10-01;431;566;1737;6212;396;318;54602669;53703258;40696853;6408162;1154;70604;80.5;79.1;60.0;9.4;0.0;0.1
FR;2022-10-02;63;97;215;665;66;42;54602732;53703355;40697068;6408827;1220;70646;80.5;79.1;60.0;9.4;0.0;0.1
FR;2022-10-03;632;785;2195;12231;2074;745;54603364;53704140;40699263;6421058;3294;71391;80.5;79.1;60.0;9.5;0.0;0.1
FR;2022-10-04;756;580;2786;23685;4704;1585;54604120;53704720;40702049;6444743;7998;72976;80.5;79.1;60.0;9.5;0.0;0.1
FR;2022-10-05;607;633;2163;14750;3658;1210;54604727;53705353;40704212;6459493;11656;74186;80.5;79.1;60.0;9.5;0.0;0.1
FR;2022-10-06;552;543;2522;21898;6668;1910;54605279;53705896;40706734;6481391;18324;76096;80.5;79.1;60.0;9.6;0.0;0.1
FR;2022-10-07;735;742;3478;30398;16875;3207;54606014;53706638;40710212;6511789;35199;79303;80.5;79.1;60.0;9.6;0.1;0.1
FR;2022-10-08;356;383;1410;8601;6699;1171;54606370;53707021;40711622;6520390;41898;80474;80.5;79.1;60.0;9.6;0.1;0.1
FR;2022-10-09;109;117;312;1650;1511;297;54606479;53707138;40711934;6522040;43409;80771;80.5;79.1;60.0;9.6;0.1;0.1
FR;2022-10-10;509;658;2523;20887;19597;3272;54606988;53707796;40714457;6542927;63006;84043;80.5;79.1;60.0;9.6;0.1;0.1
FR;2022-10-11;620;555;3573;40685;40193;6391;54607608;53708351;40718030;6583612;103199;90434;80.5;79.1;60.0;9.7;0.2;0.1
FR;2022-10-12;605;639;2776;27089;27307;4696;54608213;53708990;40720806;6610701;130506;95130;80.5;79.1;60.0;9.7;0.2;0.1
FR;2022-10-13;627;609;3138;38924;40609;6608;54608840;53709599;40723944;6649625;171115;101738;80.5;79.1;60.0;9.8;0.3;0.1
FR;2022-10-14;761;784;3959;48143;51137;7864;54609601;53710383;40727903;6697768;222252;109602;80.5;79.1;60.0;9.9;0.3;0.2
FR;2022-10-15;368;429;1630;11965;13091;2274;54609969;53710812;40729533;6709733;235343;111876;80.5;79.1;60.0;9.9;0.3;0.2
FR;2022-10-16;94;86;356;2012;2347;479;54610063;53710898;40729889;6711745;237690;112355;80.5;79.1;60.0;9.9;0.4;0.2
FR;2022-10-17;440;497;2487;26838;30793;5409;54610503;53711395;40732376;6738583;268483;117764;80.5;79.1;60.0;9.9;0.4;0.2
FR;2022-10-18;610;535;3762;46667;55450;11701;54611113;53711930;40736138;6785250;323933;129465;80.5;79.1;60.0;10.0;0.5;0.2
FR;2022-10-19;570;625;3076;34756;42482;9263;54611683;53712555;40739214;6820006;366415;138728;80.5;79.1;60.0;10.0;0.5;0.2
FR;2022-10-20;617;595;3731;50132;60538;12937;54612300;53713150;40742945;6870138;426953;151665;80.5;79.1;60.0;10.1;0.6;0.2
FR;2022-10-21;690;711;4519;57715;70967;14299;54612990;53713861;40747464;6927853;497920;165964;80.5;79.1;60.0;10.2;0.7;0.2
FR;2022-10-22;335;335;1321;13107;15939;3386;54613325;53714196;40748785;6940960;513859;169350;80.5;79.2;60.0;10.2;0.8;0.2
FR;2022-10-23;98;102;266;2166;2758;631;54613423;53714298;40749051;6943126;516617;169981;80.5;79.2;60.0;10.2;0.8;0.3
FR;2022-10-24;552;425;2687;27565;35497;7810;54613975;53714723;40751738;6970691;552114;177791;80.5;79.2;60.0;10.3;0.8;0.3
FR;2022-10-25;598;535;3805;49791;65256;15451;54614573;53715258;40755543;7020482;617370;193242;80.5;79.2;60.1;10.3;0.9;0.3
FR;2022-10-26;535;485;2901;32930;44001;11024;54615108;53715743;40758444;7053412;661371;204266;80.5;79.2;60.1;10.4;1.0;0.3
FR;2022-10-27;592;499;3349;41274;54477;13138;54615700;53716242;40761793;7094686;715848;217404;80.5;79.2;60.1;10.5;1.1;0.3
FR;2022-10-28;706;638;3505;45009;58280;13189;54616406;53716880;40765298;7139695;774128;230593;80.5;79.2;60.1;10.5;1.1;0.3
FR;2022-10-29;260;262;1082;9633;12523;3012;54616666;53717142;40766380;7149328;786651;233605;80.5;79.2;60.1;10.5;1.2;0.3
FR;2022-10-30;87;98;249;1646;2145;540;54616753;53717240;40766629;7150974;788796;234145;80.5;79.2;60.1;10.5;1.2;0.3
FR;2022-10-31;382;358;1626;16427;22207;5505;54617135;53717598;40768255;7167401;811003;239650;80.5;79.2;60.1;10.6;1.2;0.4
FR;2022-11-01;136;153;963;1166;1697;504;54617271;53717751;40769218;7168567;812700;240154;80.5;79.2;60.1;10.6;1.2;0.4
FR;2022-11-02;527;506;2584;25881;36654;10143;54617798;53718257;40771802;7194448;849354;250297;80.5;79.2;60.1;10.6;1.3;0.4
FR;2022-11-03;645;538;3119;40799;57043;15380;54618443;53718795;40774921;7235247;906397;265677;80.5;79.2;60.1;10.7;1.3;0.4
FR;2022-11-04;660;578;3519;44289;60568;15270;54619103;53719373;40778440;7279536;966965;280947;80.5;79.2;60.1;10.7;1.4;0.4
FR;2022-11-05;255;312;1166;9927;13466;3295;54619358;53719685;40779606;7289463;980431;284242;80.5;79.2;60.1;10.7;1.4;0.4
FR;2022-11-06;94;102;246;1633;2340;654;54619452;53719787;40779852;7291096;982771;284896;80.5;79.2;60.1;10.7;1.4;0.4
FR;2022-11-07;564;526;2249;27402;39125;11012;54620016;53720313;40782101;7318498;1021896;295908;80.5;79.2;60.1;10.8;1.5;0.4
FR;2022-11-08;688;606;3849;53032;74334;20088;54620704;53720919;40785950;7371530;1096230;315996;80.5;79.2;60.1;10.9;1.6;0.5
FR;2022-11-09;534;524;2691;32389;46374;13242;54621238;53721443;40788641;7403919;1142604;329238;80.5;79.2;60.1;10.9;1.7;0.5
FR;2022-11-10;632;751;3639;44595;62889;17363;54621870;53722194;40792280;7448514;1205493;346601;80.5;79.2;60.1;11.0;1.8;0.5
FR;2022-11-11;82;92;313;1729;2800;1013;54621952;53722286;40792593;7450243;1208293;347614;80.5;79.2;60.1;11.0;1.8;0.5
FR;2022-11-12;212;261;979;7337;10289;2765;54622164;53722547;40793572;7457580;1218582;350379;80.5;79.2;60.1;11.0;1.8;0.5
FR;2022-11-13;73;97;213;1262;1978;628;54622237;53722644;40793785;7458842;1220560;351007;80.5;79.2;60.1;11.0;1.8;0.5
FR;2022-11-14;452;379;2070;24663;36316;10964;54622689;53723023;40795855;7483505;1256876;361971;80.5;79.2;60.1;11.0;1.9;0.5
FR;2022-11-15;626;721;3380;46025;66961;19641;54623315;53723744;40799235;7529530;1323837;381612;80.5;79.2;60.1;11.1;2.0;0.6
FR;2022-11-16;572;553;2580;29142;43290;13334;54623887;53724297;40801815;7558672;1367127;394946;80.5;79.2;60.1;11.1;2.0;0.6
FR;2022-11-17;575;540;2991;39887;58421;17439;54624462;53724837;40804806;7598559;1425548;412385;80.5;79.2;60.1;11.2;2.1;0.6
FR;2022-11-18;628;601;3458;46058;65732;18360;54625090;53725438;40808264;7644617;1491280;430745;80.5;79.2;60.1;11.3;2.2;0.6
FR;2022-11-19;270;279;1098;10004;14333;4016;54625360;53725717;40809362;7654621;1505613;434761;80.5;79.2;60.1;11.3;2.2;0.6
FR;2022-11-20;79;172;262;1775;2721;860;54625439;53725889;40809624;7656396;1508334;435621;80.5;79.2;60.1;11.3;2.2;0.6
FR;2022-11-21;437;354;1956;22023;33160;10371;54625876;53726243;40811580;7678419;1541494;445992;80.5;79.2;60.1;11.3;2.3;0.7
FR;2022-11-22;542;438;3171;40421;59845;18302;54626418;53726681;40814751;7718840;1601339;464294;80.5;79.2;60.1;11.4;2.4;0.7
FR;2022-11-23;477;416;2325;26525;40430;12915;54626895;53727097;40817076;7745365;1641769;477209;80.5;79.2;60.1;11.4;2.4;0.7
FR;2022-11-24;517;432;2965;37907;56896;17984;54627412;53727529;40820041;7783272;1698665;495193;80.5;79.2;60.2;11.5;2.5;0.7
FR;2022-11-25;581;589;3152;41009;59652;17483;54627993;53728118;40823193;7824281;1758317;512676;80.5;79.2;60.2;11.5;2.6;0.8
FR;2022-11-26;301;263;1064;9525;14013;3972;54628294;53728381;40824257;7833806;1772330;516648;80.5;79.2;60.2;11.5;2.6;0.8
FR;2022-11-27;74;70;228;1700;2568;808;54628368;53728451;40824485;7835506;1774898;517456;80.5;79.2;60.2;11.5;2.6;0.8
FR;2022-11-28;421;365;1983;25556;38492;12211;54628789;53728816;40826468;7861062;1813390;529667;80.5;79.2;60.2;11.6;2.7;0.8
FR;2022-11-29;500;382;3293;47280;71156;22345;54629289;53729198;40829761;7908342;1884546;552012;80.5;79.2;60.2;11.7;2.8;0.8
FR;2022-11-30;509;510;2899;37738;56336;17237;54629798;53729708;40832660;7946080;1940882;569249;80.5;79.2;60.2;11.7;2.9;0.8
FR;2022-12-01;569;464;3916;52720;79737;25275;54630367;53730172;40836576;7998800;2020619;594524;80.5;79.2;60.2;11.8;3.0;0.9
FR;2022-12-02;646;536;4385;62785;92484;27483;54631013;53730708;40840961;8061585;2113103;622007;80.5;79.2;60.2;11.9;3.1;0.9
FR;2022-12-03;305;232;1630;18482;26731;7618;54631318;53730940;40842591;8080067;2139834;629625;80.5;79.2;60.2;11.9;3.2;0.9
FR;2022-12-04;98;92;434;4356;6441;1856;54631416;53731032;40843025;8084423;2146275;631481;80.5;79.2;60.2;11.9;3.2;0.9
FR;2022-12-05;493;457;2928;45710;69089;21916;54631909;53731489;40845953;8130133;2215364;653397;80.5;79.2;60.2;12.0;3.3;1.0
FR;2022-12-06;645;517;4662;79832;121779;39610;54632554;53732006;40850615;8209965;2337143;693007;80.5;79.2;60.2;12.1;3.4;1.0
FR;2022-12-07;562;491;3613;59323;90545;29582;54633116;53732497;40854228;8269288;2427688;722589;80.5;79.2;60.2;12.2;3.6;1.1
FR;2022-12-08;611;465;4594;81375;124200;40887;54633727;53732962;40858822;8350663;2551888;763476;80.5;79.2;60.2;12.3;3.8;1.1
FR;2022-12-09;784;561;5739;97592;147387;46829;54634511;53733523;40864561;8448255;2699275;810305;80.5;79.2;60.2;12.4;4.0;1.2
FR;2022-12-10;410;406;2481;34855;50557;14712;54634921;53733929;40867042;8483110;2749832;825017;80.5;79.2;60.2;12.5;4.1;1.2
FR;2022-12-11;133;105;688;8570;12258;3276;54635054;53734034;40867730;8491680;2762090;828293;80.5;79.2;60.2;12.5;4.1;1.2
FR;2022-12-12;523;389;4139;69085;106305;34852;54635577;53734423;40871869;8560765;2868395;863145;80.5;79.2;60.2;12.6;4.2;1.3
FR;2022-12-13;717;509;5647;106227;164991;55128;54636294;53734932;40877516;8666992;3033386;918273;80.5;79.2;60.2;12.8;4.5;1.4
FR;2022-12-14;596;489;4559;75031;117011;38772;54636890;53735421;40882075;8742023;3150397;957045;80.5;79.2;60.2;12.9;4.6;1.4
FR;2022-12-15;665;583;5727;98250;153335;51776;54637555;53736004;40887802;8840273;3303732;1008821;80.5;79.2;60.3;13.0;4.9;1.5
FR;2022-12-16;828;656;6467;107125;166680;55414;54638383;53736660;40894269;8947398;3470412;1064235;80.5;79.2;60.3;13.2;5.1;1.6
FR;2022-12-17;346;295;2296;32598;48448;14450;54638729;53736955;40896565;8979996;3518860;1078685;80.5;79.2;60.3;13.2;5.2;1.6
FR;2022-12-18;93;81;544;6487;9642;2763;54638822;53737036;40897109;8986483;3528502;1081448;80.5;79.2;60.3;13.2;5.2;1.6
FR;2022-12-19;593;437;3684;57859;90288;30103;54639415;53737473;40900793;9044342;3618790;1111551;80.5;79.2;60.3;13.3;5.3;1.6
FR;2022-12-20;747;533;5249;82010;130834;45060;54640162;53738006;40906042;9126352;3749624;1156611;80.5;79.2;60.3;13.4;5.5;1.7
FR;2022-12-21;605;442;3592;52333;84194;29343;54640767;53738448;40909634;9178685;3833818;1185954;80.5;79.2;60.3;13.5;5.6;1.7
FR;2022-12-22;649;468;3437;47530;76918;26916;54641416;53738916;40913071;9226215;3910736;1212870;80.5;79.2;60.3;13.6;5.8;1.8
FR;2022-12-23;480;426;2635;26896;43427;14919;54641896;53739342;40915706;9253111;3954163;1227789;80.5;79.2;60.3;13.6;5.8;1.8
FR;2022-12-24;105;80;338;2833;4290;1231;54642001;53739422;40916044;9255944;3958453;1229020;80.5;79.2;60.3;13.6;5.8;1.8
FR;2022-12-25;34;34;106;592;926;273;54642035;53739456;40916150;9256536;3959379;1229293;80.5;79.2;60.3;13.6;5.8;1.8
FR;2022-12-26;370;293;1830;17577;27646;8847;54642405;53739749;40917980;9274113;3987025;1238140;80.5;79.2;60.3;13.7;5.9;1.8
FR;2022-12-27;540;447;2956;34889;56755;19759;54642945;53740196;40920936;9309002;4043780;1257899;80.5;79.2;60.3;13.7;6.0;1.9
FR;2022-12-28;480;357;2319;26344;42954;14847;54643425;53740553;40923255;9335346;4086734;1272746;80.5;79.2;60.3;13.8;6.0;1.9
FR;2022-12-29;431;364;2408;27599;45115;15664;54643856;53740917;40925663;9362945;4131849;1288410;80.5;79.2;60.3;13.8;6.1;1.9
FR;2022-12-30;464;366;1868;20248;32641;11003;54644320;53741283;40927531;9383193;4164490;1299413;80.5;79.2;60.3;13.8;6.1;1.9
FR;2022-12-31;137;121;413;3339;4954;1341;54644457;53741404;40927944;9386532;4169444;1300754;80.5;79.2;60.3;13.8;6.1;1.9
FR;2023-01-01;25;27;150;737;1026;246;54644482;53741431;40928094;9387269;4170470;1301000;80.5;79.2;60.3;13.8;6.1;1.9
FR;2023-01-02;926;433;2335;19534;33035;12103;54645408;53741864;40930429;9406803;4203505;1313103;80.5;79.2;60.3;13.9;6.2;1.9
FR;2023-01-03;676;480;3378;45140;82805;34835;54646084;53742344;40933807;9451943;4286310;1347938;80.5;79.2;60.3;13.9;6.3;2.0
FR;2023-01-04;548;426;2772;31920;59893;25829;54646632;53742770;40936579;9483863;4346203;1373767;80.5;79.2;60.3;14.0;6.4;2.0
FR;2023-01-05;669;569;3197;44251;84065;37187;54647301;53743339;40939776;9528114;4430268;1410954;80.5;79.2;60.3;14.0;6.5;2.1
FR;2023-01-06;753;582;3670;49638;92110;39516;54648054;53743921;40943446;9577752;4522378;1450470;80.5;79.2;60.3;14.1;6.7;2.1
FR;2023-01-07;350;302;1415;13260;23039;8768;54648404;53744223;40944861;9591012;4545417;1459238;80.5;79.2;60.3;14.1;6.7;2.2
FR;2023-01-08;106;100;357;3015;5232;1993;54648510;53744323;40945218;9594027;4550649;1461231;80.5;79.2;60.3;14.1;6.7;2.2
FR;2023-01-09;585;464;2081;22938;45875;21215;54649095;53744787;40947299;9616965;4596524;1482446;80.5;79.2;60.3;14.2;6.8;2.2
FR;2023-01-10;620;578;3462;42430;87058;41791;54649715;53745365;40950761;9659395;4683582;1524237;80.5;79.2;60.3;14.2;6.9;2.2
FR;2023-01-11;506;441;2290;25640;52881;25250;54650221;53745806;40953051;9685035;4736463;1549487;80.5;79.2;60.3;14.3;7.0;2.3
FR;2023-01-12;609;477;2889;34978;72521;35110;54650830;53746283;40955940;9720013;4808984;1584597;80.5;79.2;60.4;14.3;7.1;2.3
FR;2023-01-13;801;570;3161;36907;74675;35225;54651631;53746853;40959101;9756920;4883659;1619822;80.5;79.2;60.4;14.4;7.2;2.4
FR;2023-01-14;354;237;1201;9505;17775;7419;54651985;53747090;40960302;9766425;4901434;1627241;80.5;79.2;60.4;14.4;7.2;2.4
FR;2023-01-15;100;94;291;1684;3280;1424;54652085;53747184;40960593;9768109;4904714;1628665;80.5;79.2;60.4;14.4;7.2;2.4
FR;2023-01-16;425;338;1789;16610;35994;18105;54652510;53747522;40962382;9784719;4940708;1646770;80.5;79.2;60.4;14.4;7.3;2.4
FR;2023-01-17;504;414;2568;29627;65751;33910;54653014;53747936;40964950;9814346;5006459;1680680;80.5;79.2;60.4;14.5;7.4;2.5
FR;2023-01-18;472;409;1840;17764;39176;19887;54653486;53748345;40966790;9832110;5045635;1700567;80.5;79.2;60.4;14.5;7.4;2.5
FR;2023-01-19;506;357;2143;23421;52314;27024;54653992;53748702;40968933;9855531;5097949;1727591;80.5;79.2;60.4;14.5;7.5;2.5
FR;2023-01-20;637;509;2628;26298;57786;29439;54654629;53749211;40971561;9881829;5155735;1757030;80.5;79.2;60.4;14.6;7.6;2.6
FR;2023-01-21;261;221;881;6533;13246;6020;54654890;53749432;40972442;9888362;5168981;1763050;80.5;79.2;60.4;14.6;7.6;2.6
FR;2023-01-22;47;34;156;931;1922;874;54654937;53749466;40972598;9889293;5170903;1763924;80.5;79.2;60.4;14.6;7.6;2.6
FR;2023-01-23;324;274;1304;11268;27228;14820;54655261;53749740;40973902;9900561;5198131;1778744;80.5;79.2;60.4;14.6;7.7;2.6
FR;2023-01-24;479;377;1946;21059;51084;28342;54655740;53750117;40975848;9921620;5249215;1807086;80.5;79.2;60.4;14.6;7.7;2.7
FR;2023-01-25;408;399;1483;13050;30759;16455;54656148;53750516;40977331;9934670;5279974;1823541;80.5;79.2;60.4;14.6;7.8;2.7
FR;2023-01-26;435;387;1796;17515;42525;23441;54656583;53750903;40979127;9952185;5322499;1846982;80.5;79.2;60.4;14.7;7.8;2.7
FR;2023-01-27;528;963;2018;18793;45090;24586;54657111;53751866;40981145;9970978;5367589;1871568;80.5;79.2;60.4;14.7;7.9;2.8
FR;2023-01-28;237;234;693;4645;9987;4762;54657348;53752100;40981838;9975623;5377576;1876330;80.5;79.2;60.4;14.7;7.9;2.8
FR;2023-01-29;42;55;102;504;1099;549;54657390;53752155;40981940;9976127;5378675;1876879;80.5;79.2;60.4;14.7;7.9;2.8
FR;2023-01-30;367;327;1118;8505;20975;11444;54657757;53752482;40983058;9984632;5399650;1888323;80.5;79.2;60.4;14.7;8.0;2.8
FR;2023-01-31;426;335;1536;14385;36907;21265;54658183;53752817;40984594;9999017;5436557;1909588;80.5;79.2;60.4;14.7;8.0;2.8
FR;2023-02-01;412;418;1473;8512;22234;12623;54658595;53753235;40986067;10007529;5458791;1922211;80.5;79.2;60.4;14.7;8.0;2.8
FR;2023-02-02;370;356;1439;12146;31730;18278;54658965;53753591;40987506;10019675;5490521;1940489;80.5;79.2;60.4;14.8;8.1;2.9
FR;2023-02-03;481;492;1648;12809;33771;19459;54659446;53754083;40989154;10032484;5524292;1959948;80.5;79.2;60.4;14.8;8.1;2.9
FR;2023-02-04;200;240;565;3183;7458;3826;54659646;53754323;40989719;10035667;5531750;1963774;80.5;79.2;60.4;14.8;8.2;2.9
FR;2023-02-05;25;42;89;261;590;284;54659671;53754365;40989808;10035928;5532340;1964058;80.5;79.2;60.4;14.8;8.2;2.9
FR;2023-02-06;314;292;871;5621;15410;9063;54659985;53754657;40990679;10041549;5547750;1973121;80.5;79.2;60.4;14.8;8.2;2.9
FR;2023-02-07;351;377;1324;9941;28288;16956;54660336;53755034;40992003;10051490;5576038;1990077;80.5;79.2;60.4;14.8;8.2;2.9
FR;2023-02-08;302;312;921;6243;17038;9799;54660638;53755346;40992924;10057733;5593076;1999876;80.5;79.2;60.4;14.8;8.2;2.9
FR;2023-02-09;339;346;1117;8107;22869;13709;54660977;53755692;40994041;10065840;5615945;2013585;80.5;79.2;60.4;14.8;8.3;3.0
FR;2023-02-10;468;441;1280;8510;23776;13967;54661445;53756133;40995321;10074350;5639721;2027552;80.5;79.2;60.4;14.8;8.3;3.0
FR;2023-02-11;169;182;512;2237;5435;2770;54661614;53756315;40995833;10076587;5645156;2030322;80.5;79.2;60.4;14.8;8.3;3.0
FR;2023-02-12;43;48;56;200;443;208;54661657;53756363;40995889;10076787;5645599;2030530;80.5;79.2;60.4;14.8;8.3;3.0
FR;2023-02-13;251;271;688;3450;9626;5506;54661908;53756634;40996577;10080237;5655225;2036036;80.5;79.2;60.4;14.9;8.3;3.0
FR;2023-02-14;300;278;1011;6129;17570;10421;54662208;53756912;40997588;10086366;5672795;2046457;80.5;79.2;60.4;14.9;8.4;3.0
FR;2023-02-15;293;302;846;4255;12221;7170;54662501;53757214;40998434;10090621;5685016;2053627;80.5;79.2;60.4;14.9;8.4;3.0
FR;2023-02-16;266;270;1019;5350;15066;8765;54662767;53757484;40999453;10095971;5700082;2062392;80.5;79.2;60.4;14.9;8.4;3.0
FR;2023-02-17;372;386;1159;5704;16397;9638;54663139;53757870;41000612;10101675;5716479;2072030;80.5;79.2;60.4;14.9;8.4;3.1
FR;2023-02-18;162;173;494;1698;4073;2060;54663301;53758043;41001106;10103373;5720552;2074090;80.5;79.2;60.4;14.9;8.4;3.1
FR;2023-02-19;37;35;40;141;338;167;54663338;53758078;41001146;10103514;5720890;2074257;80.5;79.2;60.4;14.9;8.4;3.1
FR;2023-02-20;249;263;678;2981;8544;4895;54663587;53758341;41001824;10106495;5729434;2079152;80.5;79.2;60.4;14.9;8.4;3.1
FR;2023-02-21;270;268;939;4747;14014;8281;54663857;53758609;41002763;10111242;5743448;2087433;80.5;79.2;60.4;14.9;8.5;3.1
FR;2023-02-22;246;289;704;2998;9101;5322;54664103;53758898;41003467;10114240;5752549;2092755;80.5;79.2;60.4;14.9;8.5;3.1
FR;2023-02-23;227;251;847;4195;12283;7174;54664330;53759149;41004314;10118435;5764832;2099929;80.6;79.2;60.4;14.9;8.5;3.1
FR;2023-02-24;291;350;922;4613;13009;7450;54664621;53759499;41005236;10123048;5777841;2107379;80.6;79.2;60.4;14.9;8.5;3.1
FR;2023-02-25;126;148;364;1273;3189;1624;54664747;53759647;41005600;10124321;5781030;2109003;80.6;79.2;60.4;14.9;8.5;3.1
FR;2023-02-26;20;28;35;113;258;113;54664767;53759675;41005635;10124434;5781288;2109116;80.6;79.2;60.4;14.9;8.5;3.1
FR;2023-02-27;213;256;584;2068;6563;3946;54664980;53759931;41006219;10126502;5787851;2113062;80.6;79.2;60.4;14.9;8.5;3.1
FR;2023-02-28;270;253;809;3736;12188;7493;54665250;53760184;41007028;10130238;5800039;2120555;80.6;79.2;60.4;14.9;8.5;3.1
FR;2023-03-01;227;284;762;2180;6609;3928;54665477;53760468;41007790;10132418;5806648;2124483;80.6;79.2;60.4;14.9;8.6;3.1
FR;2023-03-02;223;231;730;3204;10080;6261;54665700;53760699;41008520;10135622;5816728;2130744;80.6;79.2;60.4;14.9;8.6;3.1
FR;2023-03-03;334;357;931;3827;11853;7018;54666034;53761056;41009451;10139449;5828581;2137762;80.6;79.2;60.4;14.9;8.6;3.2
FR;2023-03-04;131;160;392;1096;2792;1372;54666165;53761216;41009843;10140545;5831373;2139134;80.6;79.2;60.4;14.9;8.6;3.2
FR;2023-03-05;23;24;32;53;201;113;54666188;53761240;41009875;10140598;5831574;2139247;80.6;79.2;60.4;14.9;8.6;3.2
FR;2023-03-06;227;192;520;1495;4729;2725;54666415;53761432;41010395;10142093;5836303;2141972;80.6;79.2;60.4;14.9;8.6;3.2
FR;2023-03-07;191;222;614;2456;7983;4886;54666606;53761654;41011009;10144549;5844286;2146858;80.6;79.2;60.4;14.9;8.6;3.2
FR;2023-03-08;161;225;467;1566;5023;2923;54666767;53761879;41011476;10146115;5849309;2149781;80.6;79.2;60.4;15.0;8.6;3.2
FR;2023-03-09;172;190;608;2083;7228;4480;54666939;53762069;41012084;10148198;5856537;2154261;80.6;79.2;60.4;15.0;8.6;3.2
FR;2023-03-10;324;345;821;2785;9020;5373;54667263;53762414;41012905;10150983;5865557;2159634;80.6;79.2;60.4;15.0;8.6;3.2
FR;2023-03-11;126;136;311;853;2299;1179;54667389;53762550;41013216;10151836;5867856;2160813;80.6;79.2;60.4;15.0;8.6;3.2
FR;2023-03-12;10;25;30;63;177;87;54667399;53762575;41013246;10151899;5868033;2160900;80.6;79.2;60.4;15.0;8.6;3.2
FR;2023-03-13;146;181;429;1207;3778;2143;54667545;53762756;41013675;10153106;5871811;2163043;80.6;79.2;60.4;15.0;8.7;3.2
FR;2023-03-14;198;195;635;1979;6801;4136;54667743;53762951;41014310;10155085;5878612;2167179;80.6;79.2;60.4;15.0;8.7;3.2
FR;2023-03-15;161;214;485;1339;4342;2579;54667904;53763165;41014795;10156424;5882954;2169758;80.6;79.2;60.4;15.0;8.7;3.2
FR;2023-03-16;174;200;579;1758;5956;3579;54668078;53763365;41015374;10158182;5888910;2173337;80.6;79.2;60.4;15.0;8.7;3.2
FR;2023-03-17;282;272;720;2193;7339;4398;54668360;53763637;41016094;10160375;5896249;2177735;80.6;79.2;60.4;15.0;8.7;3.2
FR;2023-03-18;123;115;440;679;2042;1043;54668483;53763752;41016534;10161054;5898291;2178778;80.6;79.2;60.4;15.0;8.7;3.2
FR;2023-03-19;20;22;14;60;126;54;54668503;53763774;41016548;10161114;5898417;2178832;80.6;79.2;60.4;15.0;8.7;3.2
FR;2023-03-20;152;176;490;1159;3826;2190;54668655;53763950;41017038;10162273;5902243;2181022;80.6;79.2;60.4;15.0;8.7;3.2
FR;2023-03-21;212;201;638;1828;6534;3933;54668867;53764151;41017676;10164101;5908777;2184955;80.6;79.2;60.4;15.0;8.7;3.2
FR;2023-03-22;196;191;462;1160;3955;2298;54669063;53764342;41018138;10165261;5912732;2187253;80.6;79.2;60.4;15.0;8.7;3.2
FR;2023-03-23;166;167;536;1510;5205;3080;54669229;53764509;41018674;10166771;5917937;2190333;80.6;79.2;60.4;15.0;8.7;3.2
FR;2023-03-24;241;290;869;1971;6634;3818;54669470;53764799;41019543;10168742;5924571;2194151;80.6;79.2;60.4;15.0;8.7;3.2
FR;2023-03-25;129;141;315;650;1794;841;54669599;53764940;41019858;10169392;5926365;2194992;80.6;79.2;60.4;15.0;8.7;3.2
FR;2023-03-26;10;12;26;33;92;47;54669609;53764952;41019884;10169425;5926457;2195039;80.6;79.2;60.4;15.0;8.7;3.2
FR;2023-03-27;230;209;493;992;3441;1954;54669839;53765161;41020377;10170417;5929898;2196993;80.6;79.2;60.4;15.0;8.7;3.2
FR;2023-03-28;186;170;547;1723;6196;3715;54670025;53765331;41020924;10172140;5936094;2200708;80.6;79.2;60.4;15.0;8.7;3.2
FR;2023-03-29;172;165;441;1121;3776;2105;54670197;53765496;41021365;10173261;5939870;2202813;80.6;79.2;60.4;15.0;8.8;3.2
FR;2023-03-30;193;163;564;1530;5393;3118;54670390;53765659;41021929;10174791;5945263;2205931;80.6;79.2;60.4;15.0;8.8;3.3
FR;2023-03-31;215;272;647;1934;6856;4019;54670605;53765931;41022576;10176725;5952119;2209950;80.6;79.2;60.4;15.0;8.8;3.3
FR;2023-04-01;109;134;394;698;1982;949;54670714;53766065;41022970;10177423;5954101;2210899;80.6;79.2;60.4;15.0;8.8;3.3
FR;2023-04-02;10;14;38;37;116;50;54670724;53766079;41023008;10177460;5954217;2210949;80.6;79.2;60.4;15.0;8.8;3.3
FR;2023-04-03;184;161;509;998;3300;1831;54670908;53766240;41023517;10178458;5957517;2212780;80.6;79.2;60.4;15.0;8.8;3.3
FR;2023-04-04;131;177;475;1394;5370;3218;54671039;53766417;41023992;10179852;5962887;2215998;80.6;79.2;60.5;15.0;8.8;3.3
FR;2023-04-05;101;141;394;941;3480;2003;54671140;53766558;41024386;10180793;5966367;2218001;80.6;79.2;60.5;15.0;8.8;3.3
FR;2023-04-06;153;129;402;1170;4266;2454;54671293;53766687;41024788;10181963;5970633;2220455;80.6;79.2;60.5;15.0;8.8;3.3
FR;2023-04-07;194;218;524;1421;5069;2850;54671487;53766905;41025312;10183384;5975702;2223305;80.6;79.2;60.5;15.0;8.8;3.3
FR;2023-04-08;67;96;239;436;1341;609;54671554;53767001;41025551;10183820;5977043;2223914;80.6;79.2;60.5;15.0;8.8;3.3
FR;2023-04-09;9;11;22;20;62;19;54671563;53767012;41025573;10183840;5977105;2223933;80.6;79.2;60.5;15.0;8.8;3.3
FR;2023-04-10;12;25;52;49;106;30;54671575;53767037;41025625;10183889;5977211;2223963;80.6;79.2;60.5;15.0;8.8;3.3
FR;2023-04-11;125;165;501;1109;4350;2408;54671700;53767202;41026126;10184998;5981561;2226371;80.6;79.2;60.5;15.0;8.8;3.3
FR;2023-04-12;131;154;383;819;3290;1881;54671831;53767356;41026509;10185817;5984851;2228252;80.6;79.2;60.5;15.0;8.8;3.3
FR;2023-04-13;109;148;400;1042;4252;2469;54671940;53767504;41026909;10186859;5989103;2230721;80.6;79.2;60.5;15.0;8.8;3.3
FR;2023-04-14;198;231;576;1326;5274;3075;54672138;53767735;41027485;10188185;5994377;2233796;80.6;79.2;60.5;15.0;8.8;3.3
FR;2023-04-15;79;81;245;453;1486;683;54672217;53767816;41027730;10188638;5995863;2234479;80.6;79.2;60.5;15.0;8.8;3.3
FR;2023-04-16;18;15;17;34;111;48;54672235;53767831;41027747;10188672;5995974;2234527;80.6;79.2;60.5;15.0;8.8;3.3
FR;2023-04-17;110;134;397;775;3063;1629;54672345;53767965;41028144;10189447;5999037;2236156;80.6;79.2;60.5;15.0;8.8;3.3
FR;2023-04-18;149;129;417;978;4186;2387;54672494;53768094;41028561;10190425;6003223;2238543;80.6;79.2;60.5;15.0;8.8;3.3
FR;2023-04-19;111;126;274;699;2781;1481;54672605;53768220;41028835;10191124;6006004;2240024;80.6;79.2;60.5;15.0;8.9;3.3
FR;2023-04-20;106;135;343;869;3465;1905;54672711;53768355;41029178;10191993;6009469;2241929;80.6;79.2;60.5;15.0;8.9;3.3
FR;2023-04-21;146;169;542;1124;4307;2308;54672857;53768524;41029720;10193117;6013776;2244237;80.6;79.2;60.5;15.0;8.9;3.3
FR;2023-04-22;57;79;201;300;1114;540;54672914;53768603;41029921;10193417;6014890;2244777;80.6;79.2;60.5;15.0;8.9;3.3
FR;2023-04-23;5;7;16;23;75;31;54672919;53768610;41029937;10193440;6014965;2244808;80.6;79.2;60.5;15.0;8.9;3.3
FR;2023-04-24;137;126;284;636;2425;1248;54673056;53768736;41030221;10194076;6017390;2246056;80.6;79.2;60.5;15.0;8.9;3.3
FR;2023-04-25;120;121;375;888;4059;2215;54673176;53768857;41030596;10194964;6021449;2248271;80.6;79.2;60.5;15.0;8.9;3.3
FR;2023-04-26;104;110;276;571;2552;1317;54673280;53768967;41030872;10195535;6024001;2249588;80.6;79.2;60.5;15.0;8.9;3.3
FR;2023-04-27;135;118;352;880;3658;1954;54673415;53769085;41031224;10196415;6027659;2251542;80.6;79.2;60.5;15.0;8.9;3.3
FR;2023-04-28;192;158;435;979;4286;2199;54673607;53769243;41031659;10197394;6031945;2253741;80.6;79.2;60.5;15.0;8.9;3.3
FR;2023-04-29;82;78;139;322;1105;516;54673689;53769321;41031798;10197716;6033050;2254257;80.6;79.2;60.5;15.0;8.9;3.3
FR;2023-04-30;7;4;9;12;63;34;54673696;53769325;41031807;10197728;6033113;2254291;80.6;79.2;60.5;15.0;8.9;3.3
FR;2023-05-01;16;18;58;14;66;24;54673712;53769343;41031865;10197742;6033179;2254315;80.6;79.2;60.5;15.0;8.9;3.3
FR;2023-05-02;202;159;460;761;3524;1829;54673914;53769502;41032325;10198503;6036703;2256144;80.6;79.2;60.5;15.0;8.9;3.3
FR;2023-05-03;143;106;280;532;2759;1426;54674057;53769608;41032605;10199035;6039462;2257570;80.6;79.2;60.5;15.0;8.9;3.3
FR;2023-05-04;95;126;429;796;4001;2061;54674152;53769734;41033034;10199831;6043463;2259631;80.6;79.2;60.5;15.0;8.9;3.3
FR;2023-05-05;126;132;386;868;4447;2349;54674278;53769866;41033420;10200699;6047910;2261980;80.6;79.2;60.5;15.0;8.9;3.3
FR;2023-05-06;68;52;145;262;1135;532;54674346;53769918;41033565;10200961;6049045;2262512;80.6;79.2;60.5;15.0;8.9;3.3
FR;2023-05-07;9;8;12;23;88;32;54674355;53769926;41033577;10200984;6049133;2262544;80.6;79.2;60.5;15.0;8.9;3.3
FR;2023-05-08;21;12;26;42;128;63;54674376;53769938;41033603;10201026;6049261;2262607;80.6;79.2;60.5;15.0;8.9;3.3
FR;2023-05-09;86;95;250;626;3503;1757;54674462;53770033;41033853;10201652;6052764;2264364;80.6;79.2;60.5;15.0;8.9;3.3
FR;2023-05-10;114;109;242;566;3292;1560;54674576;53770142;41034095;10202218;6056056;2265924;80.6;79.2;60.5;15.0;8.9;3.3
FR;2023-05-11;85;85;214;739;3978;1983;54674661;53770227;41034309;10202957;6060034;2267907;80.6;79.2;60.5;15.0;8.9;3.3
FR;2023-05-12;96;112;283;816;4498;2158;54674757;53770339;41034592;10203773;6064532;2270065;80.6;79.2;60.5;15.0;8.9;3.3
FR;2023-05-13;50;57;134;233;1012;428;54674807;53770396;41034726;10204006;6065544;2270493;80.6;79.2;60.5;15.0;8.9;3.3
FR;2023-05-14;15;8;12;15;83;30;54674822;53770404;41034738;10204021;6065627;2270523;80.6;79.2;60.5;15.0;8.9;3.3
FR;2023-05-15;65;61;191;529;3355;1598;54674887;53770465;41034929;10204550;6068982;2272121;80.6;79.2;60.5;15.0;8.9;3.3
FR;2023-05-16;89;112;247;1019;6024;2890;54674976;53770577;41035176;10205569;6075006;2275011;80.6;79.2;60.5;15.0;9.0;3.4
FR;2023-05-17;98;107;207;582;3289;1460;54675074;53770684;41035383;10206151;6078295;2276471;80.6;79.2;60.5;15.0;9.0;3.4
FR;2023-05-18;5;7;12;36;172;67;54675079;53770691;41035395;10206187;6078467;2276538;80.6;79.2;60.5;15.0;9.0;3.4
FR;2023-05-19;74;95;243;564;2933;1281;54675153;53770786;41035638;10206751;6081400;2277819;80.6;79.2;60.5;15.0;9.0;3.4
FR;2023-05-20;46;32;102;148;840;330;54675199;53770818;41035740;10206899;6082240;2278149;80.6;79.2;60.5;15.0;9.0;3.4
FR;2023-05-21;11;7;8;17;152;45;54675210;53770825;41035748;10206916;6082392;2278194;80.6;79.2;60.5;15.0;9.0;3.4
FR;2023-05-22;91;57;178;541;3224;1451;54675301;53770882;41035926;10207457;6085616;2279645;80.6;79.2;60.5;15.0;9.0;3.4
FR;2023-05-23;48;68;178;817;4867;2220;54675349;53770950;41036104;10208274;6090483;2281865;80.6;79.2;60.5;15.0;9.0;3.4
FR;2023-05-24;70;72;178;624;3400;1547;54675419;53771022;41036282;10208898;6093883;2283412;80.6;79.2;60.5;15.0;9.0;3.4
FR;2023-05-25;78;70;178;663;4706;2124;54675497;53771092;41036460;10209561;6098589;2285536;80.6;79.2;60.5;15.0;9.0;3.4
FR;2023-05-26;94;105;232;722;4804;2214;54675591;53771197;41036692;10210283;6103393;2287750;80.6;79.2;60.5;15.0;9.0;3.4
FR;2023-05-27;35;47;82;168;885;421;54675626;53771244;41036774;10210451;6104278;2288171;80.6;79.2;60.5;15.0;9.0;3.4
FR;2023-05-28;4;7;3;14;71;34;54675630;53771251;41036777;10210465;6104349;2288205;80.6;79.2;60.5;15.0;9.0;3.4
FR;2023-05-29;6;4;10;44;309;122;54675636;53771255;41036787;10210509;6104658;2288327;80.6;79.2;60.5;15.0;9.0;3.4
FR;2023-05-30;97;71;189;812;4802;2015;54675733;53771326;41036976;10211321;6109460;2290342;80.6;79.2;60.5;15.0;9.0;3.4
FR;2023-05-31;73;84;147;602;3594;1691;54675806;53771410;41037123;10211923;6113054;2292033;80.6;79.2;60.5;15.0;9.0;3.4
FR;2023-06-01;77;71;207;692;4806;1991;54675883;53771481;41037330;10212615;6117860;2294024;80.6;79.2;60.5;15.0;9.0;3.4
FR;2023-06-02;74;82;225;745;5301;2395;54675957;53771563;41037555;10213360;6123161;2296419;80.6;79.2;60.5;15.0;9.0;3.4
FR;2023-06-03;26;33;78;184;1071;412;54675983;53771596;41037633;10213544;6124232;2296831;80.6;79.2;60.5;15.1;9.0;3.4
FR;2023-06-04;2;14;8;15;118;35;54675985;53771610;41037641;10213559;6124350;2296866;80.6;79.2;60.5;15.1;9.0;3.4
FR;2023-06-05;113;74;196;657;4405;1808;54676098;53771684;41037837;10214216;6128755;2298674;80.6;79.2;60.5;15.1;9.0;3.4
FR;2023-06-06;96;102;273;931;7312;3105;54676194;53771786;41038110;10215147;6136067;2301779;80.6;79.2;60.5;15.1;9.0;3.4
FR;2023-06-07;67;61;151;615;4172;1751;54676261;53771847;41038261;10215762;6140239;2303530;80.6;79.2;60.5;15.1;9.0;3.4
FR;2023-06-08;76;68;209;864;6384;2704;54676337;53771915;41038470;10216626;6146623;2306234;80.6;79.2;60.5;15.1;9.1;3.4
FR;2023-06-09;75;113;196;673;5270;2227;54676412;53772028;41038666;10217299;6151893;2308461;80.6;79.2;60.5;15.1;9.1;3.4
FR;2023-06-10;31;34;62;172;997;379;54676443;53772062;41038728;10217471;6152890;2308840;80.6;79.2;60.5;15.1;9.1;3.4
FR;2023-06-11;3;6;8;18;145;59;54676446;53772068;41038736;10217489;6153035;2308899;80.6;79.2;60.5;15.1;9.1;3.4
FR;2023-06-12;41;79;171;684;5037;2156;54676487;53772147;41038907;10218173;6158072;2311055;80.6;79.2;60.5;15.1;9.1;3.4
FR;2023-06-13;66;57;209;968;7206;3035;54676553;53772204;41039116;10219141;6165278;2314090;80.6;79.2;60.5;15.1;9.1;3.4
FR;2023-06-14;50;103;154;646;4741;2089;54676603;53772307;41039270;10219787;6170019;2316179;80.6;79.2;60.5;15.1;9.1;3.4
FR;2023-06-15;56;58;203;896;6551;2918;54676659;53772365;41039473;10220683;6176570;2319097;80.6;79.2;60.5;15.1;9.1;3.4
FR;2023-06-16;72;86;168;810;6138;2645;54676731;53772451;41039641;10221493;6182708;2321742;80.6;79.2;60.5;15.1;9.1;3.4
FR;2023-06-17;20;38;57;125;944;366;54676751;53772489;41039698;10221618;6183652;2322108;80.6;79.2;60.5;15.1;9.1;3.4
FR;2023-06-18;3;7;11;27;217;95;54676754;53772496;41039709;10221645;6183869;2322203;80.6;79.2;60.5;15.1;9.1;3.4
FR;2023-06-19;58;47;159;626;4416;1739;54676812;53772543;41039868;10222271;6188285;2323942;80.6;79.2;60.5;15.1;9.1;3.4
FR;2023-06-20;104;55;230;775;6422;2837;54676916;53772598;41040098;10223046;6194707;2326779;80.6;79.2;60.5;15.1;9.1;3.4
FR;2023-06-21;42;59;208;772;4533;1859;54676958;53772657;41040306;10223818;6199240;2328638;80.6;79.2;60.5;15.1;9.1;3.4
FR;2023-06-22;56;39;204;761;5037;1988;54677014;53772696;41040510;10224579;6204277;2330626;80.6;79.2;60.5;15.1;9.1;3.4
FR;2023-06-23;80;68;149;788;5292;2000;54677094;53772764;41040659;10225367;6209569;2332626;80.6;79.2;60.5;15.1;9.2;3.4
FR;2023-06-24;12;12;60;127;836;275;54677106;53772776;41040719;10225494;6210405;2332901;80.6;79.2;60.5;15.1;9.2;3.4
FR;2023-06-25;4;3;10;14;104;45;54677110;53772779;41040729;10225508;6210509;2332946;80.6;79.2;60.5;15.1;9.2;3.4
FR;2023-06-26;49;39;155;414;2920;1131;54677159;53772818;41040884;10225922;6213429;2334077;80.6;79.2;60.5;15.1;9.2;3.4
FR;2023-06-27;72;46;157;662;4746;1811;54677231;53772864;41041041;10226584;6218175;2335888;80.6;79.2;60.5;15.1;9.2;3.4
FR;2023-06-28;47;45;113;486;3148;1335;54677278;53772909;41041154;10227070;6221323;2337223;80.6;79.2;60.5;15.1;9.2;3.4
FR;2023-06-29;34;38;129;472;3919;1613;54677312;53772947;41041283;10227542;6225242;2338836;80.6;79.2;60.5;15.1;9.2;3.4
FR;2023-06-30;44;53;142;472;4088;1526;54677356;53773000;41041425;10228014;6229330;2340362;80.6;79.2;60.5;15.1;9.2;3.4
FR;2023-07-01;35;33;41;113;846;328;54677391;53773033;41041466;10228127;6230176;2340690;80.6;79.2;60.5;15.1;9.2;3.4
FR;2023-07-02;0;0;2;7;46;25;54677391;53773033;41041468;10228134;6230222;2340715;80.6;79.2;60.5;15.1;9.2;3.4
FR;2023-07-03;58;36;134;246;2055;715;54677449;53773069;41041602;10228380;6232277;2341430;80.6;79.2;60.5;15.1;9.2;3.5
FR;2023-07-04;43;45;130;390;3020;1171;54677492;53773114;41041732;10228770;6235297;2342601;80.6;79.2;60.5;15.1;9.2;3.5
FR;2023-07-05;46;33;99;392;2488;986;54677538;53773147;41041831;10229162;6237785;2343587;80.6;79.2;60.5;15.1;9.2;3.5
FR;2023-07-06;49;35;133;494;2857;1044;54677587;53773182;41041964;10229656;6240642;2344631;80.6;79.2;60.5;15.1;9.2;3.5
FR;2023-07-07;53;49;133;389;2841;998;54677640;53773231;41042097;10230045;6243483;2345629;80.6;79.2;60.5;15.1;9.2;3.5
FR;2023-07-08;17;19;50;86;525;169;54677657;53773250;41042147;10230131;6244008;2345798;80.6;79.2;60.5;15.1;9.2;3.5
FR;2023-07-09;1;4;1;7;41;18;54677658;53773254;41042148;10230138;6244049;2345816;80.6;79.2;60.5;15.1;9.2;3.5
FR;2023-07-10;23;25;89;176;1431;471;54677681;53773279;41042237;10230314;6245480;2346287;80.6;79.2;60.5;15.1;9.2;3.5
